0 verbose cli /data/data/com.termux/files/usr/bin/node /data/data/com.termux/files/usr/bin/npm
1 info using npm@11.19.0
2 info using node@v24.18.0
3 silly config load:file:/data/data/com.termux/files/usr/lib/node_modules/npm/npmrc
4 silly config load:file:/data/data/com.termux/files/home/my-school-project/.npmrc
5 silly config load:file:/data/data/com.termux/files/home/.npmrc
6 silly config load:file:/data/data/com.termux/files/usr/etc/npmrc
7 verbose title npm install
8 verbose argv "install"
9 verbose logfile logs-max:10 dir:/data/data/com.termux/files/home/.npm/_logs/2026-08-26T21_00_19_845Z-
10 verbose logfile /data/data/com.termux/files/home/.npm/_logs/2026-08-26T21_00_19_845Z-debug-0.log
11 silly logfile done cleaning log files
12 silly packumentCache heap:1174405120 maxSize:293601280 maxEntrySize:146800640
13 silly idealTree buildDeps
14 silly fetch manifest @mercuryworkshop/bare-mux@^2.1.8
15 silly packumentCache full:https://registry.npmjs.org/@mercuryworkshop%2fbare-mux cache-miss
16 http fetch GET 200 https://registry.npmjs.org/npm 361ms
17 http fetch GET 200 https://registry.npmjs.org/@mercuryworkshop%2fbare-mux 1099ms (cache miss)
18 silly packumentCache full:https://registry.npmjs.org/@mercuryworkshop%2fbare-mux set size:undefined disposed:false
19 silly fetch manifest @mercuryworkshop/epoxy-transport@2.1.28
20 silly packumentCache full:https://registry.npmjs.org/@mercuryworkshop%2fepoxy-transport cache-miss
21 http fetch GET 200 https://registry.npmjs.org/@mercuryworkshop%2fepoxy-transport 929ms (cache miss)
22 silly packumentCache full:https://registry.npmjs.org/@mercuryworkshop%2fepoxy-transport set size:undefined disposed:false
23 silly fetch manifest @titaniumnetwork-dev/ultraviolet@^3.2.10
24 silly packumentCache full:https://registry.npmjs.org/@titaniumnetwork-dev%2fultraviolet cache-miss
25 http fetch GET 200 https://registry.npmjs.org/@titaniumnetwork-dev%2fultraviolet 963ms (cache miss)
26 silly packumentCache full:https://registry.npmjs.org/@titaniumnetwork-dev%2fultraviolet set size:undefined disposed:false
27 silly fetch manifest express@^5.2.1
28 silly packumentCache full:https://registry.npmjs.org/express cache-miss
29 http fetch GET 200 https://registry.npmjs.org/express 106ms (cache miss)
30 silly packumentCache full:https://registry.npmjs.org/express set size:undefined disposed:false
31 silly fetch manifest wisp-server-node@1.1.7
32 silly packumentCache full:https://registry.npmjs.org/wisp-server-node cache-miss
33 http fetch GET 200 https://registry.npmjs.org/wisp-server-node 478ms (cache miss)
34 silly packumentCache full:https://registry.npmjs.org/wisp-server-node set size:undefined disposed:false
35 silly fetch manifest ws@^8.19.0
36 silly packumentCache full:https://registry.npmjs.org/ws cache-miss
37 http fetch GET 200 https://registry.npmjs.org/ws 82ms (cache miss)
38 silly packumentCache full:https://registry.npmjs.org/ws set size:undefined disposed:false
39 silly fetch manifest bufferutil@^4.0.1
40 silly packumentCache full:https://registry.npmjs.org/bufferutil cache-miss
41 http fetch GET 200 https://registry.npmjs.org/bufferutil 378ms (cache miss)
42 silly packumentCache full:https://registry.npmjs.org/bufferutil set size:undefined disposed:false
43 silly fetch manifest utf-8-validate@>=5.0.2
44 silly packumentCache full:https://registry.npmjs.org/utf-8-validate cache-miss
45 http fetch GET 200 https://registry.npmjs.org/utf-8-validate 72ms (cache miss)
46 silly packumentCache full:https://registry.npmjs.org/utf-8-validate set size:undefined disposed:false
47 silly fetch manifest eslint@^9.39.2
48 silly packumentCache full:https://registry.npmjs.org/eslint cache-miss
49 http fetch GET 200 https://registry.npmjs.org/eslint 186ms (cache miss)
50 silly packumentCache full:https://registry.npmjs.org/eslint set size:undefined disposed:false
51 silly fetch manifest jiti@*
52 silly packumentCache full:https://registry.npmjs.org/jiti cache-miss
53 http fetch GET 200 https://registry.npmjs.org/jiti 79ms (cache miss)
54 silly packumentCache full:https://registry.npmjs.org/jiti set size:undefined disposed:false
55 silly fetch manifest prettier@^3.8.1
56 silly packumentCache full:https://registry.npmjs.org/prettier cache-miss
57 http fetch GET 200 https://registry.npmjs.org/prettier 107ms (cache miss)
58 silly packumentCache full:https://registry.npmjs.org/prettier set size:undefined disposed:false
59 silly placeDep ROOT @mercuryworkshop/bare-mux@2.1.9 OK for: uv-app@1.0.0 want: ^2.1.8
60 silly placeDep ROOT @mercuryworkshop/epoxy-transport@2.1.28 OK for: uv-app@1.0.0 want: 2.1.28
61 silly placeDep ROOT @titaniumnetwork-dev/ultraviolet@3.2.10 OK for: uv-app@1.0.0 want: ^3.2.10
62 silly placeDep ROOT eslint@9.39.5 OK for: uv-app@1.0.0 want: ^9.39.2
63 silly placeDep ROOT express@5.2.1 OK for: uv-app@1.0.0 want: ^5.2.1
64 silly placeDep ROOT prettier@3.9.6 OK for: uv-app@1.0.0 want: ^3.8.1
65 silly placeDep ROOT wisp-server-node@1.1.7 OK for: uv-app@1.0.0 want: 1.1.7
66 silly placeDep ROOT ws@8.21.3 OK for: uv-app@1.0.0 want: ^8.19.0
67 silly fetch manifest @mercuryworkshop/epoxy-tls@2.1.18-1
68 silly packumentCache full:https://registry.npmjs.org/@mercuryworkshop%2fepoxy-tls cache-miss
69 silly fetch manifest astring@^1.9.0
70 silly packumentCache full:https://registry.npmjs.org/astring cache-miss
71 silly fetch manifest events@^3.3.0
72 silly packumentCache full:https://registry.npmjs.org/events cache-miss
73 silly fetch manifest idb@^8.0.0
74 silly packumentCache full:https://registry.npmjs.org/idb cache-miss
75 silly fetch manifest meriyah@^6.0.2
76 silly packumentCache full:https://registry.npmjs.org/meriyah cache-miss
77 silly fetch manifest parse5@^7.2.0
78 silly packumentCache full:https://registry.npmjs.org/parse5 cache-miss
79 silly fetch manifest set-cookie-parser@^2.7.1
80 silly packumentCache full:https://registry.npmjs.org/set-cookie-parser cache-miss
81 http fetch GET 200 https://registry.npmjs.org/parse5 234ms (cache miss)
82 silly packumentCache full:https://registry.npmjs.org/parse5 set size:undefined disposed:false
83 silly fetch manifest ajv@^6.14.0
84 silly packumentCache full:https://registry.npmjs.org/ajv cache-miss
85 http fetch GET 200 https://registry.npmjs.org/astring 415ms (cache miss)
86 silly packumentCache full:https://registry.npmjs.org/astring set size:undefined disposed:false
87 silly fetch manifest chalk@^4.0.0
88 silly packumentCache full:https://registry.npmjs.org/chalk cache-miss
89 http fetch GET 200 https://registry.npmjs.org/ajv 186ms (cache miss)
90 silly packumentCache full:https://registry.npmjs.org/ajv set size:undefined disposed:false
91 silly fetch manifest debug@^4.3.2
92 silly packumentCache full:https://registry.npmjs.org/debug cache-miss
93 http fetch GET 200 https://registry.npmjs.org/events 488ms (cache miss)
94 silly packumentCache full:https://registry.npmjs.org/events set size:undefined disposed:false
95 silly fetch manifest espree@^10.4.0
96 silly packumentCache full:https://registry.npmjs.org/espree cache-miss
97 http fetch GET 200 https://registry.npmjs.org/chalk 79ms (cache miss)
98 silly packumentCache full:https://registry.npmjs.org/chalk set size:undefined disposed:false
99 silly fetch manifest ignore@^5.2.0
100 silly packumentCache full:https://registry.npmjs.org/ignore cache-miss
101 http fetch GET 200 https://registry.npmjs.org/idb 520ms (cache miss)
102 silly packumentCache full:https://registry.npmjs.org/idb set size:undefined disposed:false
103 silly fetch manifest esquery@^1.5.0
104 silly packumentCache full:https://registry.npmjs.org/esquery cache-miss
105 http fetch GET 200 https://registry.npmjs.org/debug 89ms (cache miss)
106 silly packumentCache full:https://registry.npmjs.org/debug set size:undefined disposed:false
107 silly fetch manifest esutils@^2.0.2
108 silly packumentCache full:https://registry.npmjs.org/esutils cache-miss
109 http fetch GET 200 https://registry.npmjs.org/set-cookie-parser 554ms (cache miss)
110 silly packumentCache full:https://registry.npmjs.org/set-cookie-parser set size:undefined disposed:false
111 silly fetch manifest find-up@^5.0.0
112 silly packumentCache full:https://registry.npmjs.org/find-up cache-miss
113 http fetch GET 200 https://registry.npmjs.org/esquery 71ms (cache miss)
114 silly packumentCache full:https://registry.npmjs.org/esquery set size:undefined disposed:false
115 silly fetch manifest is-glob@^4.0.0
116 silly packumentCache full:https://registry.npmjs.org/is-glob cache-miss
117 http fetch GET 200 https://registry.npmjs.org/espree 131ms (cache miss)
118 silly packumentCache full:https://registry.npmjs.org/espree set size:undefined disposed:false
119 silly fetch manifest minimatch@^3.1.5
120 silly packumentCache full:https://registry.npmjs.org/minimatch cache-miss
121 http fetch GET 200 https://registry.npmjs.org/esutils 83ms (cache miss)
122 silly packumentCache full:https://registry.npmjs.org/esutils set size:undefined disposed:false
123 silly fetch manifest @eslint/js@9.39.5
124 silly packumentCache full:https://registry.npmjs.org/@eslint%2fjs cache-miss
125 http fetch GET 200 https://registry.npmjs.org/is-glob 85ms (cache miss)
126 silly packumentCache full:https://registry.npmjs.org/is-glob set size:undefined disposed:false
127 silly fetch manifest optionator@^0.9.3
128 silly packumentCache full:https://registry.npmjs.org/optionator cache-miss
129 http fetch GET 200 https://registry.npmjs.org/minimatch 82ms (cache miss)
130 silly packumentCache full:https://registry.npmjs.org/minimatch set size:undefined disposed:false
131 silly fetch manifest cross-spawn@^7.0.6
132 silly packumentCache full:https://registry.npmjs.org/cross-spawn cache-miss
133 http fetch GET 200 https://registry.npmjs.org/meriyah 732ms (cache miss)
134 silly packumentCache full:https://registry.npmjs.org/meriyah set size:undefined disposed:false
135 silly fetch manifest glob-parent@^6.0.2
136 silly packumentCache full:https://registry.npmjs.org/glob-parent cache-miss
137 http fetch GET 200 https://registry.npmjs.org/cross-spawn 96ms (cache miss)
138 silly packumentCache full:https://registry.npmjs.org/cross-spawn set size:undefined disposed:false
139 silly fetch manifest imurmurhash@^0.1.4
140 silly packumentCache full:https://registry.npmjs.org/imurmurhash cache-miss
141 http fetch GET 200 https://registry.npmjs.org/ignore 341ms (cache miss)
142 silly packumentCache full:https://registry.npmjs.org/ignore set size:undefined disposed:false
143 silly fetch manifest @eslint/core@^0.17.0
144 silly packumentCache full:https://registry.npmjs.org/@eslint%2fcore cache-miss
145 http fetch GET 200 https://registry.npmjs.org/glob-parent 86ms (cache miss)
146 silly packumentCache full:https://registry.npmjs.org/glob-parent set size:undefined disposed:false
147 silly fetch manifest eslint-scope@^8.4.0
148 silly packumentCache full:https://registry.npmjs.org/eslint-scope cache-miss
149 http fetch GET 200 https://registry.npmjs.org/imurmurhash 65ms (cache miss)
150 silly packumentCache full:https://registry.npmjs.org/imurmurhash set size:undefined disposed:false
151 silly fetch manifest lodash.merge@^4.6.2
152 silly packumentCache full:https://registry.npmjs.org/lodash.merge cache-miss
153 http fetch GET 200 https://registry.npmjs.org/@mercuryworkshop%2fepoxy-tls 897ms (cache miss)
154 silly packumentCache full:https://registry.npmjs.org/@mercuryworkshop%2fepoxy-tls set size:undefined disposed:false
155 silly fetch manifest @humanfs/node@^0.16.6
156 silly packumentCache full:https://registry.npmjs.org/@humanfs%2fnode cache-miss
157 http fetch GET 200 https://registry.npmjs.org/@eslint%2fjs 265ms (cache miss)
158 silly packumentCache full:https://registry.npmjs.org/@eslint%2fjs set size:undefined disposed:false
159 silly fetch manifest @types/estree@^1.0.6
160 silly packumentCache full:https://registry.npmjs.org/@types%2festree cache-miss
161 http fetch GET 200 https://registry.npmjs.org/find-up 360ms (cache miss)
162 silly packumentCache full:https://registry.npmjs.org/find-up set size:undefined disposed:false
163 silly fetch manifest fast-deep-equal@^3.1.3
164 silly packumentCache full:https://registry.npmjs.org/fast-deep-equal cache-miss
165 http fetch GET 200 https://registry.npmjs.org/eslint-scope 81ms (cache miss)
166 silly packumentCache full:https://registry.npmjs.org/eslint-scope set size:undefined disposed:false
167 silly fetch manifest natural-compare@^1.4.0
168 silly packumentCache full:https://registry.npmjs.org/natural-compare cache-miss
169 http fetch GET 200 https://registry.npmjs.org/@humanfs%2fnode 89ms (cache miss)
170 silly packumentCache full:https://registry.npmjs.org/@humanfs%2fnode set size:undefined disposed:false
171 silly fetch manifest @eslint/eslintrc@^3.3.6
172 silly packumentCache full:https://registry.npmjs.org/@eslint%2feslintrc cache-miss
173 http fetch GET 200 https://registry.npmjs.org/@types%2festree 89ms (cache miss)
174 silly packumentCache full:https://registry.npmjs.org/@types%2festree set size:undefined disposed:false
175 silly fetch manifest file-entry-cache@^8.0.0
176 silly packumentCache full:https://registry.npmjs.org/file-entry-cache cache-miss
177 http fetch GET 200 https://registry.npmjs.org/fast-deep-equal 85ms (cache miss)
178 silly packumentCache full:https://registry.npmjs.org/fast-deep-equal set size:undefined disposed:false
179 silly fetch manifest @eslint/plugin-kit@^0.4.1
180 silly packumentCache full:https://registry.npmjs.org/@eslint%2fplugin-kit cache-miss
181 http fetch GET 200 https://registry.npmjs.org/optionator 349ms (cache miss)
182 silly packumentCache full:https://registry.npmjs.org/optionator set size:undefined disposed:false
183 silly fetch manifest eslint-visitor-keys@^4.2.1
184 silly packumentCache full:https://registry.npmjs.org/eslint-visitor-keys cache-miss
185 http fetch GET 200 https://registry.npmjs.org/natural-compare 69ms (cache miss)
186 silly packumentCache full:https://registry.npmjs.org/natural-compare set size:undefined disposed:false
187 silly fetch manifest @eslint/config-array@^0.21.2
188 silly packumentCache full:https://registry.npmjs.org/@eslint%2fconfig-array cache-miss
189 http fetch GET 200 https://registry.npmjs.org/file-entry-cache 68ms (cache miss)
190 silly packumentCache full:https://registry.npmjs.org/file-entry-cache set size:undefined disposed:false
191 silly fetch manifest @humanwhocodes/retry@^0.4.2
192 silly packumentCache full:https://registry.npmjs.org/@humanwhocodes%2fretry cache-miss
193 http fetch GET 200 https://registry.npmjs.org/@eslint%2feslintrc 88ms (cache miss)
194 silly packumentCache full:https://registry.npmjs.org/@eslint%2feslintrc set size:undefined disposed:false
195 silly fetch manifest escape-string-regexp@^4.0.0
196 silly packumentCache full:https://registry.npmjs.org/escape-string-regexp cache-miss
197 http fetch GET 200 https://registry.npmjs.org/@eslint%2fconfig-array 94ms (cache miss)
198 silly packumentCache full:https://registry.npmjs.org/@eslint%2fconfig-array set size:undefined disposed:false
199 silly fetch manifest @eslint/config-helpers@^0.4.2
200 silly packumentCache full:https://registry.npmjs.org/@eslint%2fconfig-helpers cache-miss
201 http fetch GET 200 https://registry.npmjs.org/eslint-visitor-keys 106ms (cache miss)
202 silly packumentCache full:https://registry.npmjs.org/eslint-visitor-keys set size:undefined disposed:false
203 silly fetch manifest @eslint-community/regexpp@^4.12.1
204 silly packumentCache full:https://registry.npmjs.org/@eslint-community%2fregexpp cache-miss
205 http fetch GET 200 https://registry.npmjs.org/escape-string-regexp 84ms (cache miss)
206 silly packumentCache full:https://registry.npmjs.org/escape-string-regexp set size:undefined disposed:false
207 silly fetch manifest @eslint-community/eslint-utils@^4.8.0
208 silly packumentCache full:https://registry.npmjs.org/@eslint-community%2feslint-utils cache-miss
209 http fetch GET 200 https://registry.npmjs.org/@humanwhocodes%2fretry 105ms (cache miss)
210 silly packumentCache full:https://registry.npmjs.org/@humanwhocodes%2fretry set size:undefined disposed:false
211 silly fetch manifest @humanwhocodes/module-importer@^1.0.1
212 silly packumentCache full:https://registry.npmjs.org/@humanwhocodes%2fmodule-importer cache-miss
213 http fetch GET 200 https://registry.npmjs.org/lodash.merge 355ms (cache miss)
214 silly packumentCache full:https://registry.npmjs.org/lodash.merge set size:undefined disposed:false
215 silly fetch manifest json-stable-stringify-without-jsonify@^1.0.1
216 silly packumentCache full:https://registry.npmjs.org/json-stable-stringify-without-jsonify cache-miss
217 http fetch GET 200 https://registry.npmjs.org/@eslint-community%2fregexpp 101ms (cache miss)
218 silly packumentCache full:https://registry.npmjs.org/@eslint-community%2fregexpp set size:undefined disposed:false
219 silly fetch manifest qs@^6.14.0
220 silly packumentCache full:https://registry.npmjs.org/qs cache-miss
221 http fetch GET 200 https://registry.npmjs.org/@humanwhocodes%2fmodule-importer 99ms (cache miss)
222 silly packumentCache full:https://registry.npmjs.org/@humanwhocodes%2fmodule-importer set size:undefined disposed:false
223 silly fetch manifest depd@^2.0.0
224 silly packumentCache full:https://registry.npmjs.org/depd cache-miss
225 http fetch GET 200 https://registry.npmjs.org/@eslint-community%2feslint-utils 117ms (cache miss)
226 silly packumentCache full:https://registry.npmjs.org/@eslint-community%2feslint-utils set size:undefined disposed:false
227 silly fetch manifest etag@^1.8.1
228 silly packumentCache full:https://registry.npmjs.org/etag cache-miss
229 http fetch GET 200 https://registry.npmjs.org/json-stable-stringify-without-jsonify 83ms (cache miss)
230 silly packumentCache full:https://registry.npmjs.org/json-stable-stringify-without-jsonify set size:undefined disposed:false
231 silly fetch manifest once@^1.4.0
232 silly packumentCache full:https://registry.npmjs.org/once cache-miss
233 http fetch GET 200 https://registry.npmjs.org/etag 80ms (cache miss)
234 silly packumentCache full:https://registry.npmjs.org/etag set size:undefined disposed:false
235 silly fetch manifest send@^1.1.0
236 silly packumentCache full:https://registry.npmjs.org/send cache-miss
237 http fetch GET 200 https://registry.npmjs.org/depd 97ms (cache miss)
238 silly packumentCache full:https://registry.npmjs.org/depd set size:undefined disposed:false
239 silly fetch manifest vary@^1.1.2
240 silly packumentCache full:https://registry.npmjs.org/vary cache-miss
241 http fetch GET 200 https://registry.npmjs.org/qs 130ms (cache miss)
242 silly packumentCache full:https://registry.npmjs.org/qs set size:undefined disposed:false
243 silly fetch manifest debug@^4.4.0
244 silly packumentCache full:https://registry.npmjs.org/debug cache-miss
245 http fetch GET 200 https://registry.npmjs.org/once 91ms (cache miss)
246 silly packumentCache full:https://registry.npmjs.org/once set size:undefined disposed:false
247 silly fetch manifest fresh@^2.0.0
248 silly packumentCache full:https://registry.npmjs.org/fresh cache-miss
249 http cache https://registry.npmjs.org/debug 30ms (cache hit)
250 silly packumentCache full:https://registry.npmjs.org/debug set size:195840 disposed:false
251 silly fetch manifest cookie@^0.7.1
252 silly packumentCache full:https://registry.npmjs.org/cookie cache-miss
253 http fetch GET 200 https://registry.npmjs.org/vary 70ms (cache miss)
254 silly packumentCache full:https://registry.npmjs.org/vary set size:undefined disposed:false
255 silly fetch manifest router@^2.2.0
256 silly packumentCache full:https://registry.npmjs.org/router cache-miss
257 http fetch GET 200 https://registry.npmjs.org/send 81ms (cache miss)
258 silly packumentCache full:https://registry.npmjs.org/send set size:undefined disposed:false
259 silly fetch manifest accepts@^2.0.0
260 silly packumentCache full:https://registry.npmjs.org/accepts cache-miss
261 http fetch GET 200 https://registry.npmjs.org/fresh 105ms (cache miss)
262 silly packumentCache full:https://registry.npmjs.org/fresh set size:undefined disposed:false
263 silly fetch manifest type-is@^2.0.1
264 silly packumentCache full:https://registry.npmjs.org/type-is cache-miss
265 http fetch GET 200 https://registry.npmjs.org/cookie 108ms (cache miss)
266 silly packumentCache full:https://registry.npmjs.org/cookie set size:undefined disposed:false
267 silly fetch manifest parseurl@^1.3.3
268 silly packumentCache full:https://registry.npmjs.org/parseurl cache-miss
269 http fetch GET 200 https://registry.npmjs.org/accepts 90ms (cache miss)
270 silly packumentCache full:https://registry.npmjs.org/accepts set size:undefined disposed:false
271 silly fetch manifest statuses@^2.0.1
272 silly packumentCache full:https://registry.npmjs.org/statuses cache-miss
273 http fetch GET 200 https://registry.npmjs.org/router 109ms (cache miss)
274 silly packumentCache full:https://registry.npmjs.org/router set size:undefined disposed:false
275 silly fetch manifest encodeurl@^2.0.0
276 silly packumentCache full:https://registry.npmjs.org/encodeurl cache-miss
277 http fetch GET 200 https://registry.npmjs.org/type-is 62ms (cache miss)
278 silly packumentCache full:https://registry.npmjs.org/type-is set size:undefined disposed:false
279 silly fetch manifest mime-types@^3.0.0
280 silly packumentCache full:https://registry.npmjs.org/mime-types cache-miss
281 http fetch GET 200 https://registry.npmjs.org/encodeurl 58ms (cache miss)
282 silly packumentCache full:https://registry.npmjs.org/encodeurl set size:undefined disposed:false
283 silly fetch manifest proxy-addr@^2.0.7
284 silly packumentCache full:https://registry.npmjs.org/proxy-addr cache-miss
285 http fetch GET 200 https://registry.npmjs.org/statuses 76ms (cache miss)
286 silly packumentCache full:https://registry.npmjs.org/statuses set size:undefined disposed:false
287 silly fetch manifest body-parser@^2.2.1
288 silly packumentCache full:https://registry.npmjs.org/body-parser cache-miss
289 http fetch GET 200 https://registry.npmjs.org/@eslint%2fcore 785ms (cache miss)
290 silly packumentCache full:https://registry.npmjs.org/@eslint%2fcore set size:undefined disposed:false
291 silly fetch manifest escape-html@^1.0.3
292 silly packumentCache full:https://registry.npmjs.org/escape-html cache-miss
293 http fetch GET 200 https://registry.npmjs.org/mime-types 87ms (cache miss)
294 silly packumentCache full:https://registry.npmjs.org/mime-types set size:undefined disposed:false
295 silly fetch manifest http-errors@^2.0.0
296 silly packumentCache full:https://registry.npmjs.org/http-errors cache-miss
297 http fetch GET 200 https://registry.npmjs.org/proxy-addr 84ms (cache miss)
298 silly packumentCache full:https://registry.npmjs.org/proxy-addr set size:undefined disposed:false
299 silly fetch manifest on-finished@^2.4.1
300 silly packumentCache full:https://registry.npmjs.org/on-finished cache-miss
301 http fetch GET 200 https://registry.npmjs.org/escape-html 76ms (cache miss)
302 silly packumentCache full:https://registry.npmjs.org/escape-html set size:undefined disposed:false
303 silly fetch manifest content-type@^1.0.5
304 silly packumentCache full:https://registry.npmjs.org/content-type cache-miss
305 http fetch GET 200 https://registry.npmjs.org/content-type 72ms (cache miss)
306 silly packumentCache full:https://registry.npmjs.org/content-type set size:undefined disposed:false
307 silly fetch manifest finalhandler@^2.1.0
308 silly packumentCache full:https://registry.npmjs.org/finalhandler cache-miss
309 http fetch GET 200 https://registry.npmjs.org/http-errors 110ms (cache miss)
310 silly packumentCache full:https://registry.npmjs.org/http-errors set size:undefined disposed:false
311 silly fetch manifest range-parser@^1.2.1
312 silly packumentCache full:https://registry.npmjs.org/range-parser cache-miss
313 http fetch GET 200 https://registry.npmjs.org/on-finished 107ms (cache miss)
314 silly packumentCache full:https://registry.npmjs.org/on-finished set size:undefined disposed:false
315 silly fetch manifest serve-static@^2.2.0
316 silly packumentCache full:https://registry.npmjs.org/serve-static cache-miss
317 http fetch GET 200 https://registry.npmjs.org/@eslint%2fplugin-kit 832ms (cache miss)
318 silly packumentCache full:https://registry.npmjs.org/@eslint%2fplugin-kit set size:undefined disposed:false
319 silly fetch manifest cookie-signature@^1.2.1
320 silly packumentCache full:https://registry.npmjs.org/cookie-signature cache-miss
321 http fetch GET 200 https://registry.npmjs.org/parseurl 356ms (cache miss)
322 silly packumentCache full:https://registry.npmjs.org/parseurl set size:undefined disposed:false
323 silly fetch manifest merge-descriptors@^2.0.0
324 silly packumentCache full:https://registry.npmjs.org/merge-descriptors cache-miss
325 http fetch GET 200 https://registry.npmjs.org/finalhandler 119ms (cache miss)
326 silly packumentCache full:https://registry.npmjs.org/finalhandler set size:undefined disposed:false
327 silly fetch manifest content-disposition@^1.0.0
328 silly packumentCache full:https://registry.npmjs.org/content-disposition cache-miss
329 http fetch GET 200 https://registry.npmjs.org/range-parser 109ms (cache miss)
330 silly packumentCache full:https://registry.npmjs.org/range-parser set size:undefined disposed:false
331 silly fetch manifest ws@^8.18.0
332 silly packumentCache full:https://registry.npmjs.org/ws cache-miss
333 http fetch GET 200 https://registry.npmjs.org/serve-static 110ms (cache miss)
334 silly packumentCache full:https://registry.npmjs.org/serve-static set size:undefined disposed:false
335 silly fetch manifest bufferutil@^4.0.8
336 silly packumentCache full:https://registry.npmjs.org/bufferutil cache-miss
337 http cache https://registry.npmjs.org/ws 21ms (cache hit)
338 silly packumentCache full:https://registry.npmjs.org/ws set size:447661 disposed:false
339 silly fetch manifest utf-8-validate@^6.0.4
340 silly packumentCache full:https://registry.npmjs.org/utf-8-validate cache-miss
341 http fetch GET 200 https://registry.npmjs.org/@eslint%2fconfig-helpers 833ms (cache miss)
342 silly packumentCache full:https://registry.npmjs.org/@eslint%2fconfig-helpers set size:undefined disposed:false
343 http cache https://registry.npmjs.org/bufferutil 39ms (cache hit)
344 silly packumentCache full:https://registry.npmjs.org/bufferutil set size:52668 disposed:false
345 http cache https://registry.npmjs.org/utf-8-validate 24ms (cache hit)
346 silly packumentCache full:https://registry.npmjs.org/utf-8-validate set size:77012 disposed:false
347 http fetch GET 200 https://registry.npmjs.org/content-disposition 68ms (cache miss)
348 silly packumentCache full:https://registry.npmjs.org/content-disposition set size:undefined disposed:false
349 http fetch GET 200 https://registry.npmjs.org/merge-descriptors 84ms (cache miss)
350 silly packumentCache full:https://registry.npmjs.org/merge-descriptors set size:undefined disposed:false
351 http fetch GET 200 https://registry.npmjs.org/body-parser 366ms (cache miss)
352 silly packumentCache full:https://registry.npmjs.org/body-parser set size:undefined disposed:false
353 http fetch GET 200 https://registry.npmjs.org/cookie-signature 455ms (cache miss)
354 silly packumentCache full:https://registry.npmjs.org/cookie-signature set size:undefined disposed:false
355 silly placeDep ROOT @mercuryworkshop/epoxy-tls@2.1.18-1 OK for: @mercuryworkshop/epoxy-transport@2.1.28 want: 2.1.18-1
356 silly placeDep ROOT astring@1.9.0 OK for: @titaniumnetwork-dev/ultraviolet@3.2.10 want: ^1.9.0
357 silly placeDep ROOT events@3.3.0 OK for: @titaniumnetwork-dev/ultraviolet@3.2.10 want: ^3.3.0
358 silly placeDep ROOT idb@8.0.3 OK for: @titaniumnetwork-dev/ultraviolet@3.2.10 want: ^8.0.0
359 silly placeDep ROOT meriyah@6.1.4 OK for: @titaniumnetwork-dev/ultraviolet@3.2.10 want: ^6.0.2
360 silly placeDep ROOT parse5@7.3.0 OK for: @titaniumnetwork-dev/ultraviolet@3.2.10 want: ^7.2.0
361 silly placeDep ROOT set-cookie-parser@2.7.2 OK for: @titaniumnetwork-dev/ultraviolet@3.2.10 want: ^2.7.1
362 silly fetch manifest entities@^6.0.0
363 silly packumentCache full:https://registry.npmjs.org/entities cache-miss
364 http fetch GET 200 https://registry.npmjs.org/entities 430ms (cache miss)
365 silly packumentCache full:https://registry.npmjs.org/entities set size:undefined disposed:false
366 silly fetch manifest eslint@^6.0.0 || ^7.0.0 || >=8.0.0
367 silly packumentCache full:https://registry.npmjs.org/eslint cache-miss
368 http cache https://registry.npmjs.org/eslint 13ms (cache hit)
369 silly packumentCache full:https://registry.npmjs.org/eslint set size:2070000 disposed:false
370 silly placeDep ROOT @eslint-community/eslint-utils@4.10.1 OK for: eslint@9.39.5 want: ^4.8.0
371 silly placeDep ROOT @eslint-community/regexpp@4.12.2 OK for: eslint@9.39.5 want: ^4.12.1
372 silly placeDep ROOT @eslint/config-array@0.21.2 OK for: eslint@9.39.5 want: ^0.21.2
373 silly placeDep ROOT @eslint/config-helpers@0.4.2 OK for: eslint@9.39.5 want: ^0.4.2
374 silly placeDep ROOT @eslint/core@0.17.0 OK for: eslint@9.39.5 want: ^0.17.0
375 silly placeDep ROOT @eslint/eslintrc@3.3.6 OK for: eslint@9.39.5 want: ^3.3.6
376 silly placeDep ROOT @eslint/js@9.39.5 OK for: eslint@9.39.5 want: 9.39.5
377 silly placeDep ROOT @eslint/plugin-kit@0.4.1 OK for: eslint@9.39.5 want: ^0.4.1
378 silly placeDep ROOT @humanfs/node@0.16.8 OK for: eslint@9.39.5 want: ^0.16.6
379 silly placeDep ROOT @humanwhocodes/module-importer@1.0.1 OK for: eslint@9.39.5 want: ^1.0.1
380 silly placeDep ROOT @humanwhocodes/retry@0.4.3 OK for: eslint@9.39.5 want: ^0.4.2
381 silly placeDep ROOT @types/estree@1.0.9 OK for: eslint@9.39.5 want: ^1.0.6
382 silly placeDep ROOT ajv@6.15.0 OK for: eslint@9.39.5 want: ^6.14.0
383 silly placeDep ROOT chalk@4.1.2 OK for: eslint@9.39.5 want: ^4.0.0
384 silly placeDep ROOT cross-spawn@7.0.6 OK for: eslint@9.39.5 want: ^7.0.6
385 silly placeDep ROOT debug@4.4.3 OK for: eslint@9.39.5 want: ^4.3.2
386 silly placeDep ROOT escape-string-regexp@4.0.0 OK for: eslint@9.39.5 want: ^4.0.0
387 silly placeDep ROOT eslint-scope@8.4.0 OK for: eslint@9.39.5 want: ^8.4.0
388 silly placeDep ROOT eslint-visitor-keys@4.2.1 OK for: eslint@9.39.5 want: ^4.2.1
389 silly placeDep ROOT espree@10.4.0 OK for: eslint@9.39.5 want: ^10.4.0
390 silly placeDep ROOT esquery@1.7.0 OK for: eslint@9.39.5 want: ^1.5.0
391 silly placeDep ROOT esutils@2.0.3 OK for: eslint@9.39.5 want: ^2.0.2
392 silly placeDep ROOT fast-deep-equal@3.1.3 OK for: eslint@9.39.5 want: ^3.1.3
393 silly placeDep ROOT file-entry-cache@8.0.0 OK for: eslint@9.39.5 want: ^8.0.0
394 silly placeDep ROOT find-up@5.0.0 OK for: eslint@9.39.5 want: ^5.0.0
395 silly placeDep ROOT glob-parent@6.0.2 OK for: eslint@9.39.5 want: ^6.0.2
396 silly placeDep ROOT ignore@5.3.2 OK for: eslint@9.39.5 want: ^5.2.0
397 silly placeDep ROOT imurmurhash@0.1.4 OK for: eslint@9.39.5 want: ^0.1.4
398 silly placeDep ROOT is-glob@4.0.3 OK for: eslint@9.39.5 want: ^4.0.0
399 silly placeDep ROOT json-stable-stringify-without-jsonify@1.0.1 OK for: eslint@9.39.5 want: ^1.0.1
400 silly placeDep ROOT lodash.merge@4.6.2 OK for: eslint@9.39.5 want: ^4.6.2
401 silly placeDep ROOT minimatch@3.1.5 OK for: eslint@9.39.5 want: ^3.1.5
402 silly placeDep ROOT natural-compare@1.4.0 OK for: eslint@9.39.5 want: ^1.4.0
403 silly placeDep ROOT optionator@0.9.4 OK for: eslint@9.39.5 want: ^0.9.3
404 silly fetch manifest eslint-visitor-keys@^3.4.3
405 silly packumentCache full:https://registry.npmjs.org/eslint-visitor-keys cache-miss
406 silly fetch manifest debug@^4.3.1
407 silly packumentCache full:https://registry.npmjs.org/debug cache-hit
408 silly fetch manifest @eslint/object-schema@^2.1.7
409 silly packumentCache full:https://registry.npmjs.org/@eslint%2fobject-schema cache-miss
410 silly fetch manifest @types/json-schema@^7.0.15
411 silly packumentCache full:https://registry.npmjs.org/@types%2fjson-schema cache-miss
412 silly fetch manifest espree@^10.0.1
413 silly packumentCache full:https://registry.npmjs.org/espree cache-miss
414 silly fetch manifest globals@^14.0.0
415 silly packumentCache full:https://registry.npmjs.org/globals cache-miss
416 silly fetch manifest import-fresh@^3.2.1
417 silly packumentCache full:https://registry.npmjs.org/import-fresh cache-miss
418 silly fetch manifest js-yaml@^4.3.0
419 silly packumentCache full:https://registry.npmjs.org/js-yaml cache-miss
420 http cache https://registry.npmjs.org/eslint-visitor-keys 26ms (cache hit)
421 silly packumentCache full:https://registry.npmjs.org/eslint-visitor-keys set size:69949 disposed:false
422 silly fetch manifest strip-json-comments@^3.1.1
423 silly packumentCache full:https://registry.npmjs.org/strip-json-comments cache-miss
424 http cache https://registry.npmjs.org/espree 26ms (cache hit)
425 silly packumentCache full:https://registry.npmjs.org/espree set size:326080 disposed:false
426 silly fetch manifest levn@^0.4.1
427 silly packumentCache full:https://registry.npmjs.org/levn cache-miss
428 http fetch GET 200 https://registry.npmjs.org/import-fresh 68ms (cache miss)
429 silly packumentCache full:https://registry.npmjs.org/import-fresh set size:undefined disposed:false
430 silly fetch manifest @humanwhocodes/retry@^0.4.0
431 silly packumentCache full:https://registry.npmjs.org/@humanwhocodes%2fretry cache-miss
432 http fetch GET 200 https://registry.npmjs.org/@eslint%2fobject-schema 78ms (cache miss)
433 silly packumentCache full:https://registry.npmjs.org/@eslint%2fobject-schema set size:undefined disposed:false
434 silly fetch manifest @humanfs/core@^0.19.2
435 silly packumentCache full:https://registry.npmjs.org/@humanfs%2fcore cache-miss
436 http cache https://registry.npmjs.org/@humanwhocodes%2fretry 12ms (cache hit)
437 silly packumentCache full:https://registry.npmjs.org/@humanwhocodes%2fretry set size:42348 disposed:false
438 silly fetch manifest @humanfs/types@^0.15.0
439 silly packumentCache full:https://registry.npmjs.org/@humanfs%2ftypes cache-miss
440 http fetch GET 200 https://registry.npmjs.org/@types%2fjson-schema 105ms (cache miss)
441 silly packumentCache full:https://registry.npmjs.org/@types%2fjson-schema set size:undefined disposed:false
442 silly fetch manifest uri-js@^4.2.2
443 silly packumentCache full:https://registry.npmjs.org/uri-js cache-miss
444 http fetch GET 200 https://registry.npmjs.org/js-yaml 103ms (cache miss)
445 silly packumentCache full:https://registry.npmjs.org/js-yaml set size:undefined disposed:false
446 silly fetch manifest fast-deep-equal@^3.1.1
447 silly packumentCache full:https://registry.npmjs.org/fast-deep-equal cache-miss
448 http cache https://registry.npmjs.org/fast-deep-equal 10ms (cache hit)
449 silly packumentCache full:https://registry.npmjs.org/fast-deep-equal set size:48634 disposed:false
450 silly fetch manifest json-schema-traverse@^0.4.1
451 silly packumentCache full:https://registry.npmjs.org/json-schema-traverse cache-miss
452 http fetch GET 200 https://registry.npmjs.org/levn 91ms (cache miss)
453 silly packumentCache full:https://registry.npmjs.org/levn set size:undefined disposed:false
454 silly fetch manifest fast-json-stable-stringify@^2.0.0
455 silly packumentCache full:https://registry.npmjs.org/fast-json-stable-stringify cache-miss
456 http fetch GET 200 https://registry.npmjs.org/@humanfs%2fcore 67ms (cache miss)
457 silly packumentCache full:https://registry.npmjs.org/@humanfs%2fcore set size:undefined disposed:false
458 silly fetch manifest ansi-styles@^4.1.0
459 silly packumentCache full:https://registry.npmjs.org/ansi-styles cache-miss
460 http fetch GET 200 https://registry.npmjs.org/@humanfs%2ftypes 59ms (cache miss)
461 silly packumentCache full:https://registry.npmjs.org/@humanfs%2ftypes set size:undefined disposed:false
462 silly fetch manifest supports-color@^7.1.0
463 silly packumentCache full:https://registry.npmjs.org/supports-color cache-miss
464 http fetch GET 200 https://registry.npmjs.org/fast-json-stable-stringify 69ms (cache miss)
465 silly packumentCache full:https://registry.npmjs.org/fast-json-stable-stringify set size:undefined disposed:false
466 silly fetch manifest which@^2.0.1
467 silly packumentCache full:https://registry.npmjs.org/which cache-miss
468 http fetch GET 200 https://registry.npmjs.org/json-schema-traverse 79ms (cache miss)
469 silly packumentCache full:https://registry.npmjs.org/json-schema-traverse set size:undefined disposed:false
470 silly fetch manifest path-key@^3.1.0
471 silly packumentCache full:https://registry.npmjs.org/path-key cache-miss
472 http fetch GET 200 https://registry.npmjs.org/ansi-styles 82ms (cache miss)
473 silly packumentCache full:https://registry.npmjs.org/ansi-styles set size:undefined disposed:false
474 silly fetch manifest shebang-command@^2.0.0
475 silly packumentCache full:https://registry.npmjs.org/shebang-command cache-miss
476 http fetch GET 200 https://registry.npmjs.org/supports-color 87ms (cache miss)
477 silly packumentCache full:https://registry.npmjs.org/supports-color set size:undefined disposed:false
478 silly fetch manifest ms@^2.1.3
479 silly packumentCache full:https://registry.npmjs.org/ms cache-miss
480 http fetch GET 200 https://registry.npmjs.org/which 73ms (cache miss)
481 silly packumentCache full:https://registry.npmjs.org/which set size:undefined disposed:false
482 silly fetch manifest esrecurse@^4.3.0
483 silly packumentCache full:https://registry.npmjs.org/esrecurse cache-miss
484 http fetch GET 200 https://registry.npmjs.org/path-key 81ms (cache miss)
485 silly packumentCache full:https://registry.npmjs.org/path-key set size:undefined disposed:false
486 silly fetch manifest estraverse@^5.2.0
487 silly packumentCache full:https://registry.npmjs.org/estraverse cache-miss
488 http fetch GET 200 https://registry.npmjs.org/shebang-command 74ms (cache miss)
489 silly packumentCache full:https://registry.npmjs.org/shebang-command set size:undefined disposed:false
490 silly fetch manifest acorn@^8.15.0
491 silly packumentCache full:https://registry.npmjs.org/acorn cache-miss
492 http fetch GET 200 https://registry.npmjs.org/esrecurse 74ms (cache miss)
493 silly packumentCache full:https://registry.npmjs.org/esrecurse set size:undefined disposed:false
494 silly fetch manifest acorn-jsx@^5.3.2
495 silly packumentCache full:https://registry.npmjs.org/acorn-jsx cache-miss
496 http fetch GET 200 https://registry.npmjs.org/ms 151ms (cache miss)
497 silly packumentCache full:https://registry.npmjs.org/ms set size:undefined disposed:false
498 silly fetch manifest estraverse@^5.1.0
499 silly packumentCache full:https://registry.npmjs.org/estraverse cache-miss
500 http fetch GET 200 https://registry.npmjs.org/strip-json-comments 383ms (cache miss)
501 silly packumentCache full:https://registry.npmjs.org/strip-json-comments set size:undefined disposed:false
502 silly fetch manifest flat-cache@^4.0.0
503 silly packumentCache full:https://registry.npmjs.org/flat-cache cache-miss
504 http fetch GET 200 https://registry.npmjs.org/globals 415ms (cache miss)
505 silly packumentCache full:https://registry.npmjs.org/globals set size:undefined disposed:false
506 silly fetch manifest locate-path@^6.0.0
507 silly packumentCache full:https://registry.npmjs.org/locate-path cache-miss
508 http fetch GET 200 https://registry.npmjs.org/acorn 127ms (cache miss)
509 silly packumentCache full:https://registry.npmjs.org/acorn set size:undefined disposed:false
510 silly fetch manifest path-exists@^4.0.0
511 silly packumentCache full:https://registry.npmjs.org/path-exists cache-miss
512 http fetch GET 200 https://registry.npmjs.org/acorn-jsx 93ms (cache miss)
513 silly packumentCache full:https://registry.npmjs.org/acorn-jsx set size:undefined disposed:false
514 silly fetch manifest is-glob@^4.0.3
515 silly packumentCache full:https://registry.npmjs.org/is-glob cache-miss
516 http fetch GET 200 https://registry.npmjs.org/uri-js 355ms (cache miss)
517 silly packumentCache full:https://registry.npmjs.org/uri-js set size:undefined disposed:false
518 silly fetch manifest is-extglob@^2.1.1
519 silly packumentCache full:https://registry.npmjs.org/is-extglob cache-miss
520 http cache https://registry.npmjs.org/is-glob 12ms (cache hit)
521 silly packumentCache full:https://registry.npmjs.org/is-glob set size:40530 disposed:false
522 silly fetch manifest brace-expansion@^1.1.7
523 silly packumentCache full:https://registry.npmjs.org/brace-expansion cache-miss
524 http fetch GET 200 https://registry.npmjs.org/flat-cache 64ms (cache miss)
525 silly packumentCache full:https://registry.npmjs.org/flat-cache set size:undefined disposed:false
526 silly fetch manifest prelude-ls@^1.2.1
527 silly packumentCache full:https://registry.npmjs.org/prelude-ls cache-miss
528 http fetch GET 200 https://registry.npmjs.org/locate-path 77ms (cache miss)
529 silly packumentCache full:https://registry.npmjs.org/locate-path set size:undefined disposed:false
530 silly fetch manifest deep-is@^0.1.3
531 silly packumentCache full:https://registry.npmjs.org/deep-is cache-miss
532 http fetch GET 200 https://registry.npmjs.org/prelude-ls 58ms (cache miss)
533 silly packumentCache full:https://registry.npmjs.org/prelude-ls set size:undefined disposed:false
534 silly fetch manifest word-wrap@^1.2.5
535 silly packumentCache full:https://registry.npmjs.org/word-wrap cache-miss
536 http fetch GET 200 https://registry.npmjs.org/brace-expansion 78ms (cache miss)
537 silly packumentCache full:https://registry.npmjs.org/brace-expansion set size:undefined disposed:false
538 silly fetch manifest type-check@^0.4.0
539 silly packumentCache full:https://registry.npmjs.org/type-check cache-miss
540 http fetch GET 200 https://registry.npmjs.org/deep-is 69ms (cache miss)
541 silly packumentCache full:https://registry.npmjs.org/deep-is set size:undefined disposed:false
542 silly fetch manifest fast-levenshtein@^2.0.6
543 silly packumentCache full:https://registry.npmjs.org/fast-levenshtein cache-miss
544 http fetch GET 200 https://registry.npmjs.org/type-check 64ms (cache miss)
545 silly packumentCache full:https://registry.npmjs.org/type-check set size:undefined disposed:false
546 http fetch GET 200 https://registry.npmjs.org/word-wrap 80ms (cache miss)
547 silly packumentCache full:https://registry.npmjs.org/word-wrap set size:undefined disposed:false
548 http fetch GET 200 https://registry.npmjs.org/estraverse 336ms (cache miss)
549 silly packumentCache full:https://registry.npmjs.org/estraverse set size:undefined disposed:false
550 http fetch GET 200 https://registry.npmjs.org/fast-levenshtein 59ms (cache miss)
551 silly packumentCache full:https://registry.npmjs.org/fast-levenshtein set size:undefined disposed:false
552 http fetch GET 200 https://registry.npmjs.org/estraverse 364ms (cache miss)
553 silly packumentCache full:https://registry.npmjs.org/estraverse set size:undefined disposed:false
554 http fetch GET 200 https://registry.npmjs.org/path-exists 332ms (cache miss)
555 silly packumentCache full:https://registry.npmjs.org/path-exists set size:undefined disposed:false
556 http fetch GET 200 https://registry.npmjs.org/is-extglob 369ms (cache miss)
557 silly packumentCache full:https://registry.npmjs.org/is-extglob set size:undefined disposed:false
558 silly placeDep node_modules/@eslint-community/eslint-utils eslint-visitor-keys@3.4.3 OK for: @eslint-community/eslint-utils@4.10.1 want: ^3.4.3
559 silly placeDep ROOT @eslint/object-schema@2.1.7 OK for: @eslint/config-array@0.21.2 want: ^2.1.7
560 silly placeDep ROOT @types/json-schema@7.0.15 OK for: @eslint/core@0.17.0 want: ^7.0.15
561 silly placeDep ROOT globals@14.0.0 OK for: @eslint/eslintrc@3.3.6 want: ^14.0.0
562 silly placeDep ROOT import-fresh@3.3.1 OK for: @eslint/eslintrc@3.3.6 want: ^3.2.1
563 silly placeDep ROOT js-yaml@4.3.2 OK for: @eslint/eslintrc@3.3.6 want: ^4.3.0
564 silly placeDep ROOT strip-json-comments@3.1.1 OK for: @eslint/eslintrc@3.3.6 want: ^3.1.1
565 silly fetch manifest resolve-from@^4.0.0
566 silly packumentCache full:https://registry.npmjs.org/resolve-from cache-miss
567 silly fetch manifest parent-module@^1.0.0
568 silly packumentCache full:https://registry.npmjs.org/parent-module cache-miss
569 silly fetch manifest argparse@^2.0.1
570 silly packumentCache full:https://registry.npmjs.org/argparse cache-miss
571 http fetch GET 200 https://registry.npmjs.org/resolve-from 80ms (cache miss)
572 silly packumentCache full:https://registry.npmjs.org/resolve-from set size:undefined disposed:false
573 http fetch GET 200 https://registry.npmjs.org/parent-module 82ms (cache miss)
574 silly packumentCache full:https://registry.npmjs.org/parent-module set size:undefined disposed:false
575 http fetch GET 200 https://registry.npmjs.org/argparse 85ms (cache miss)
576 silly packumentCache full:https://registry.npmjs.org/argparse set size:undefined disposed:false
577 silly placeDep ROOT levn@0.4.1 OK for: @eslint/plugin-kit@0.4.1 want: ^0.4.1
578 silly fetch manifest type-check@~0.4.0
579 silly packumentCache full:https://registry.npmjs.org/type-check cache-miss
580 http cache https://registry.npmjs.org/type-check 8ms (cache hit)
581 silly packumentCache full:https://registry.npmjs.org/type-check set size:21221 disposed:false
582 silly placeDep ROOT @humanfs/core@0.19.2 OK for: @humanfs/node@0.16.8 want: ^0.19.2
583 silly placeDep ROOT @humanfs/types@0.15.0 OK for: @humanfs/node@0.16.8 want: ^0.15.0
584 silly placeDep ROOT fast-json-stable-stringify@2.1.0 OK for: ajv@6.15.0 want: ^2.0.0
585 silly placeDep ROOT json-schema-traverse@0.4.1 OK for: ajv@6.15.0 want: ^0.4.1
586 silly placeDep ROOT uri-js@4.4.1 OK for: ajv@6.15.0 want: ^4.2.2
587 silly fetch manifest punycode@^2.1.0
588 silly packumentCache full:https://registry.npmjs.org/punycode cache-miss
589 http fetch GET 200 https://registry.npmjs.org/punycode 74ms (cache miss)
590 silly packumentCache full:https://registry.npmjs.org/punycode set size:undefined disposed:false
591 silly placeDep ROOT ansi-styles@4.3.0 OK for: chalk@4.1.2 want: ^4.1.0
592 silly placeDep ROOT supports-color@7.2.0 OK for: chalk@4.1.2 want: ^7.1.0
593 silly fetch manifest color-convert@^2.0.1
594 silly packumentCache full:https://registry.npmjs.org/color-convert cache-miss
595 silly fetch manifest has-flag@^4.0.0
596 silly packumentCache full:https://registry.npmjs.org/has-flag cache-miss
597 http fetch GET 200 https://registry.npmjs.org/has-flag 474ms (cache miss)
598 silly packumentCache full:https://registry.npmjs.org/has-flag set size:undefined disposed:false
599 http fetch GET 200 https://registry.npmjs.org/color-convert 522ms (cache miss)
600 silly packumentCache full:https://registry.npmjs.org/color-convert set size:undefined disposed:false
601 silly placeDep ROOT color-convert@2.0.1 OK for: ansi-styles@4.3.0 want: ^2.0.1
602 silly fetch manifest color-name@~1.1.4
603 silly packumentCache full:https://registry.npmjs.org/color-name cache-miss
604 http fetch GET 200 https://registry.npmjs.org/color-name 79ms (cache miss)
605 silly packumentCache full:https://registry.npmjs.org/color-name set size:undefined disposed:false
606 silly placeDep ROOT color-name@1.1.4 OK for: color-convert@2.0.1 want: ~1.1.4
607 silly placeDep ROOT path-key@3.1.1 OK for: cross-spawn@7.0.6 want: ^3.1.0
608 silly placeDep ROOT shebang-command@2.0.0 OK for: cross-spawn@7.0.6 want: ^2.0.0
609 silly placeDep ROOT which@2.0.2 OK for: cross-spawn@7.0.6 want: ^2.0.1
610 silly fetch manifest shebang-regex@^3.0.0
611 silly packumentCache full:https://registry.npmjs.org/shebang-regex cache-miss
612 silly fetch manifest isexe@^2.0.0
613 silly packumentCache full:https://registry.npmjs.org/isexe cache-miss
614 http fetch GET 200 https://registry.npmjs.org/shebang-regex 84ms (cache miss)
615 silly packumentCache full:https://registry.npmjs.org/shebang-regex set size:undefined disposed:false
616 http fetch GET 200 https://registry.npmjs.org/isexe 89ms (cache miss)
617 silly packumentCache full:https://registry.npmjs.org/isexe set size:undefined disposed:false
618 silly placeDep ROOT ms@2.1.3 OK for: debug@4.4.3 want: ^2.1.3
619 silly placeDep ROOT esrecurse@4.3.0 OK for: eslint-scope@8.4.0 want: ^4.3.0
620 silly placeDep ROOT estraverse@5.3.0 OK for: eslint-scope@8.4.0 want: ^5.2.0
621 silly placeDep ROOT acorn@8.18.0 OK for: espree@10.4.0 want: ^8.15.0
622 silly placeDep ROOT acorn-jsx@5.3.2 OK for: espree@10.4.0 want: ^5.3.2
623 silly placeDep ROOT accepts@2.0.0 OK for: express@5.2.1 want: ^2.0.0
624 silly placeDep ROOT body-parser@2.3.0 OK for: express@5.2.1 want: ^2.2.1
625 silly placeDep ROOT content-disposition@1.1.0 OK for: express@5.2.1 want: ^1.0.0
626 silly placeDep ROOT content-type@1.0.5 OK for: express@5.2.1 want: ^1.0.5
627 silly placeDep ROOT cookie@0.7.2 OK for: express@5.2.1 want: ^0.7.1
628 silly placeDep ROOT cookie-signature@1.2.2 OK for: express@5.2.1 want: ^1.2.1
629 silly placeDep ROOT depd@2.0.0 OK for: express@5.2.1 want: ^2.0.0
630 silly placeDep ROOT encodeurl@2.0.0 OK for: express@5.2.1 want: ^2.0.0
631 silly placeDep ROOT escape-html@1.0.3 OK for: express@5.2.1 want: ^1.0.3
632 silly placeDep ROOT etag@1.8.1 OK for: express@5.2.1 want: ^1.8.1
633 silly placeDep ROOT finalhandler@2.1.1 OK for: express@5.2.1 want: ^2.1.0
634 silly placeDep ROOT fresh@2.0.0 OK for: express@5.2.1 want: ^2.0.0
635 silly placeDep ROOT http-errors@2.0.1 OK for: express@5.2.1 want: ^2.0.0
636 silly placeDep ROOT merge-descriptors@2.0.0 OK for: express@5.2.1 want: ^2.0.0
637 silly placeDep ROOT mime-types@3.0.2 OK for: express@5.2.1 want: ^3.0.0
638 silly placeDep ROOT on-finished@2.4.1 OK for: express@5.2.1 want: ^2.4.1
639 silly placeDep ROOT once@1.4.0 OK for: express@5.2.1 want: ^1.4.0
640 silly placeDep ROOT parseurl@1.3.3 OK for: express@5.2.1 want: ^1.3.3
641 silly placeDep ROOT proxy-addr@2.0.7 OK for: express@5.2.1 want: ^2.0.7
642 silly placeDep ROOT qs@6.15.3 OK for: express@5.2.1 want: ^6.14.0
643 silly placeDep ROOT range-parser@1.3.0 OK for: express@5.2.1 want: ^1.2.1
644 silly placeDep ROOT router@2.2.0 OK for: express@5.2.1 want: ^2.2.0
645 silly placeDep ROOT send@1.2.1 OK for: express@5.2.1 want: ^1.1.0
646 silly placeDep ROOT serve-static@2.2.1 OK for: express@5.2.1 want: ^2.2.0
647 silly placeDep ROOT statuses@2.0.2 OK for: express@5.2.1 want: ^2.0.1
648 silly placeDep ROOT type-is@2.1.0 OK for: express@5.2.1 want: ^2.0.1
649 silly placeDep ROOT vary@1.1.2 OK for: express@5.2.1 want: ^1.1.2
650 silly fetch manifest negotiator@^1.0.0
651 silly packumentCache full:https://registry.npmjs.org/negotiator cache-miss
652 silly fetch manifest qs@^6.15.2
653 silly packumentCache full:https://registry.npmjs.org/qs cache-miss
654 silly fetch manifest bytes@^3.1.2
655 silly packumentCache full:https://registry.npmjs.org/bytes cache-miss
656 silly fetch manifest type-is@^2.1.0
657 silly packumentCache full:https://registry.npmjs.org/type-is cache-miss
658 silly fetch manifest raw-body@^3.0.2
659 silly packumentCache full:https://registry.npmjs.org/raw-body cache-miss
660 silly fetch manifest iconv-lite@^0.7.2
661 silly packumentCache full:https://registry.npmjs.org/iconv-lite cache-miss
662 silly fetch manifest http-errors@^2.0.1
663 silly packumentCache full:https://registry.npmjs.org/http-errors cache-miss
664 http cache https://registry.npmjs.org/type-is 14ms (cache hit)
665 silly packumentCache full:https://registry.npmjs.org/type-is set size:88614 disposed:false
666 silly fetch manifest content-type@^2.0.0
667 silly packumentCache full:https://registry.npmjs.org/content-type cache-miss
668 http cache https://registry.npmjs.org/http-errors 16ms (cache hit)
669 silly packumentCache full:https://registry.npmjs.org/http-errors set size:71987 disposed:false
670 silly fetch manifest inherits@~2.0.4
671 silly packumentCache full:https://registry.npmjs.org/inherits cache-miss
672 http cache https://registry.npmjs.org/qs 25ms (cache hit)
673 silly packumentCache full:https://registry.npmjs.org/qs set size:360318 disposed:false
674 silly fetch manifest setprototypeof@~1.2.0
675 silly packumentCache full:https://registry.npmjs.org/setprototypeof cache-miss
676 http cache https://registry.npmjs.org/content-type 22ms (cache hit)
677 silly packumentCache full:https://registry.npmjs.org/content-type set size:23936 disposed:false
678 silly fetch manifest statuses@~2.0.2
679 silly packumentCache full:https://registry.npmjs.org/statuses cache-miss
680 http cache https://registry.npmjs.org/statuses 6ms (cache hit)
681 silly packumentCache full:https://registry.npmjs.org/statuses set size:37117 disposed:false
682 silly fetch manifest toidentifier@~1.0.1
683 silly packumentCache full:https://registry.npmjs.org/toidentifier cache-miss
684 http fetch GET 200 https://registry.npmjs.org/setprototypeof 70ms (cache miss)
685 silly packumentCache full:https://registry.npmjs.org/setprototypeof set size:undefined disposed:false
686 silly fetch manifest mime-db@^1.54.0
687 silly packumentCache full:https://registry.npmjs.org/mime-db cache-miss
688 http fetch GET 200 https://registry.npmjs.org/bytes 121ms (cache miss)
689 silly packumentCache full:https://registry.npmjs.org/bytes set size:undefined disposed:false
690 silly fetch manifest ee-first@1.1.1
691 silly packumentCache full:https://registry.npmjs.org/ee-first cache-miss
692 http fetch GET 200 https://registry.npmjs.org/inherits 111ms (cache miss)
693 silly packumentCache full:https://registry.npmjs.org/inherits set size:undefined disposed:false
694 silly fetch manifest wrappy@1
695 silly packumentCache full:https://registry.npmjs.org/wrappy cache-miss
696 http fetch GET 200 https://registry.npmjs.org/toidentifier 93ms (cache miss)
697 silly packumentCache full:https://registry.npmjs.org/toidentifier set size:undefined disposed:false
698 silly fetch manifest forwarded@0.2.0
699 silly packumentCache full:https://registry.npmjs.org/forwarded cache-miss
700 http fetch GET 200 https://registry.npmjs.org/ee-first 77ms (cache miss)
701 silly packumentCache full:https://registry.npmjs.org/ee-first set size:undefined disposed:false
702 silly fetch manifest ipaddr.js@1.9.1
703 silly packumentCache full:https://registry.npmjs.org/ipaddr.js cache-miss
704 http fetch GET 200 https://registry.npmjs.org/wrappy 79ms (cache miss)
705 silly packumentCache full:https://registry.npmjs.org/wrappy set size:undefined disposed:false
706 silly fetch manifest side-channel@^1.1.1
707 silly packumentCache full:https://registry.npmjs.org/side-channel cache-miss
708 http fetch GET 200 https://registry.npmjs.org/forwarded 76ms (cache miss)
709 silly packumentCache full:https://registry.npmjs.org/forwarded set size:undefined disposed:false
710 silly fetch manifest es-define-property@^1.0.1
711 silly packumentCache full:https://registry.npmjs.org/es-define-property cache-miss
712 http fetch GET 200 https://registry.npmjs.org/mime-db 123ms (cache miss)
713 silly packumentCache full:https://registry.npmjs.org/mime-db set size:undefined disposed:false
714 silly fetch manifest is-promise@^4.0.0
715 silly packumentCache full:https://registry.npmjs.org/is-promise cache-miss
716 http fetch GET 200 https://registry.npmjs.org/es-define-property 58ms (cache miss)
717 silly packumentCache full:https://registry.npmjs.org/es-define-property set size:undefined disposed:false
718 silly fetch manifest path-to-regexp@^8.0.0
719 silly packumentCache full:https://registry.npmjs.org/path-to-regexp cache-miss
720 http fetch GET 200 https://registry.npmjs.org/ipaddr.js 86ms (cache miss)
721 silly packumentCache full:https://registry.npmjs.org/ipaddr.js set size:undefined disposed:false
722 silly fetch manifest statuses@^2.0.2
723 silly packumentCache full:https://registry.npmjs.org/statuses cache-hit
724 silly fetch manifest media-typer@^1.1.0
725 silly packumentCache full:https://registry.npmjs.org/media-typer cache-miss
726 http fetch GET 200 https://registry.npmjs.org/is-promise 78ms (cache miss)
727 silly packumentCache full:https://registry.npmjs.org/is-promise set size:undefined disposed:false
728 http fetch GET 200 https://registry.npmjs.org/raw-body 373ms (cache miss)
729 silly packumentCache full:https://registry.npmjs.org/raw-body set size:undefined disposed:false
730 http fetch GET 200 https://registry.npmjs.org/media-typer 84ms (cache miss)
731 silly packumentCache full:https://registry.npmjs.org/media-typer set size:undefined disposed:false
732 http fetch GET 200 https://registry.npmjs.org/negotiator 392ms (cache miss)
733 silly packumentCache full:https://registry.npmjs.org/negotiator set size:undefined disposed:false
734 http fetch GET 200 https://registry.npmjs.org/iconv-lite 394ms (cache miss)
735 silly packumentCache full:https://registry.npmjs.org/iconv-lite set size:undefined disposed:false
736 http fetch GET 200 https://registry.npmjs.org/path-to-regexp 113ms (cache miss)
737 silly packumentCache full:https://registry.npmjs.org/path-to-regexp set size:undefined disposed:false
738 http fetch GET 200 https://registry.npmjs.org/side-channel 353ms (cache miss)
739 silly packumentCache full:https://registry.npmjs.org/side-channel set size:undefined disposed:false
740 silly placeDep ROOT negotiator@1.1.0 OK for: accepts@2.0.0 want: ^1.0.0
741 silly fetch manifest content-type@^2.1.0
742 silly packumentCache full:https://registry.npmjs.org/content-type cache-hit
743 silly placeDep ROOT bytes@3.1.2 OK for: body-parser@2.3.0 want: ^3.1.2
744 silly placeDep node_modules/body-parser content-type@2.1.0 OK for: body-parser@2.3.0 want: ^2.0.0
745 silly placeDep ROOT iconv-lite@0.7.3 OK for: body-parser@2.3.0 want: ^0.7.2
746 silly placeDep ROOT raw-body@3.0.2 OK for: body-parser@2.3.0 want: ^3.0.2
747 silly fetch manifest safer-buffer@>= 2.1.2 < 3.0.0
748 silly packumentCache full:https://registry.npmjs.org/safer-buffer cache-miss
749 silly fetch manifest unpipe@~1.0.0
750 silly packumentCache full:https://registry.npmjs.org/unpipe cache-miss
751 http fetch GET 200 https://registry.npmjs.org/safer-buffer 64ms (cache miss)
752 silly packumentCache full:https://registry.npmjs.org/safer-buffer set size:undefined disposed:false
753 http fetch GET 200 https://registry.npmjs.org/unpipe 438ms (cache miss)
754 silly packumentCache full:https://registry.npmjs.org/unpipe set size:undefined disposed:false
755 silly placeDep ROOT flat-cache@4.0.1 OK for: file-entry-cache@8.0.0 want: ^4.0.0
756 silly fetch manifest keyv@^4.5.4
757 silly packumentCache full:https://registry.npmjs.org/keyv cache-miss
758 silly fetch manifest flatted@^3.2.9
759 silly packumentCache full:https://registry.npmjs.org/flatted cache-miss
760 http fetch GET 200 https://registry.npmjs.org/flatted 105ms (cache miss)
761 silly packumentCache full:https://registry.npmjs.org/flatted set size:undefined disposed:false
762 http fetch GET 200 https://registry.npmjs.org/keyv 119ms (cache miss)
763 silly packumentCache full:https://registry.npmjs.org/keyv set size:undefined disposed:false
764 silly placeDep ROOT locate-path@6.0.0 OK for: find-up@5.0.0 want: ^6.0.0
765 silly placeDep ROOT path-exists@4.0.0 OK for: find-up@5.0.0 want: ^4.0.0
766 silly fetch manifest p-locate@^5.0.0
767 silly packumentCache full:https://registry.npmjs.org/p-locate cache-miss
768 http fetch GET 200 https://registry.npmjs.org/p-locate 422ms (cache miss)
769 silly packumentCache full:https://registry.npmjs.org/p-locate set size:undefined disposed:false
770 silly placeDep ROOT flatted@3.4.4 OK for: flat-cache@4.0.1 want: ^3.2.9
771 silly placeDep ROOT keyv@4.5.4 OK for: flat-cache@4.0.1 want: ^4.5.4
772 silly fetch manifest json-buffer@3.0.1
773 silly packumentCache full:https://registry.npmjs.org/json-buffer cache-miss
774 http fetch GET 200 https://registry.npmjs.org/json-buffer 72ms (cache miss)
775 silly packumentCache full:https://registry.npmjs.org/json-buffer set size:undefined disposed:false
776 silly placeDep ROOT inherits@2.0.4 OK for: http-errors@2.0.1 want: ~2.0.4
777 silly placeDep ROOT setprototypeof@1.2.0 OK for: http-errors@2.0.1 want: ~1.2.0
778 silly placeDep ROOT toidentifier@1.0.1 OK for: http-errors@2.0.1 want: ~1.0.1
779 silly placeDep ROOT safer-buffer@2.1.2 OK for: iconv-lite@0.7.3 want: >= 2.1.2 < 3.0.0
780 silly placeDep ROOT parent-module@1.0.1 OK for: import-fresh@3.3.1 want: ^1.0.0
781 silly placeDep ROOT resolve-from@4.0.0 OK for: import-fresh@3.3.1 want: ^4.0.0
782 silly fetch manifest callsites@^3.0.0
783 silly packumentCache full:https://registry.npmjs.org/callsites cache-miss
784 http fetch GET 200 https://registry.npmjs.org/callsites 83ms (cache miss)
785 silly packumentCache full:https://registry.npmjs.org/callsites set size:undefined disposed:false
786 silly placeDep ROOT is-extglob@2.1.1 OK for: is-glob@4.0.3 want: ^2.1.1
787 silly placeDep ROOT argparse@2.0.1 OK for: js-yaml@4.3.2 want: ^2.0.1
788 silly placeDep ROOT json-buffer@3.0.1 OK for: keyv@4.5.4 want: 3.0.1
789 silly placeDep ROOT prelude-ls@1.2.1 OK for: levn@0.4.1 want: ^1.2.1
790 silly placeDep ROOT type-check@0.4.0 OK for: levn@0.4.1 want: ~0.4.0
791 silly placeDep ROOT p-locate@5.0.0 OK for: locate-path@6.0.0 want: ^5.0.0
792 silly fetch manifest p-limit@^3.0.2
793 silly packumentCache full:https://registry.npmjs.org/p-limit cache-miss
794 http fetch GET 200 https://registry.npmjs.org/p-limit 78ms (cache miss)
795 silly packumentCache full:https://registry.npmjs.org/p-limit set size:undefined disposed:false
796 silly placeDep ROOT mime-db@1.54.0 OK for: mime-types@3.0.2 want: ^1.54.0
797 silly placeDep ROOT brace-expansion@1.1.18 OK for: minimatch@3.1.5 want: ^1.1.7
798 silly fetch manifest concat-map@0.0.1
799 silly packumentCache full:https://registry.npmjs.org/concat-map cache-miss
800 silly fetch manifest balanced-match@^1.0.0
801 silly packumentCache full:https://registry.npmjs.org/balanced-match cache-miss
802 http fetch GET 200 https://registry.npmjs.org/balanced-match 90ms (cache miss)
803 silly packumentCache full:https://registry.npmjs.org/balanced-match set size:undefined disposed:false
804 http fetch GET 200 https://registry.npmjs.org/concat-map 501ms (cache miss)
805 silly packumentCache full:https://registry.npmjs.org/concat-map set size:undefined disposed:false
806 silly placeDep ROOT balanced-match@1.0.2 OK for: brace-expansion@1.1.18 want: ^1.0.0
807 silly placeDep ROOT concat-map@0.0.1 OK for: brace-expansion@1.1.18 want: 0.0.1
808 silly placeDep node_modules/negotiator content-type@2.1.0 OK for: negotiator@1.1.0 want: ^2.1.0
809 silly placeDep ROOT ee-first@1.1.1 OK for: on-finished@2.4.1 want: 1.1.1
810 silly placeDep ROOT wrappy@1.0.2 OK for: once@1.4.0 want: 1
811 silly placeDep ROOT deep-is@0.1.4 OK for: optionator@0.9.4 want: ^0.1.3
812 silly placeDep ROOT fast-levenshtein@2.0.6 OK for: optionator@0.9.4 want: ^2.0.6
813 silly placeDep ROOT word-wrap@1.2.5 OK for: optionator@0.9.4 want: ^1.2.5
814 silly placeDep ROOT p-limit@3.1.0 OK for: p-locate@5.0.0 want: ^3.0.2
815 silly fetch manifest yocto-queue@^0.1.0
816 silly packumentCache full:https://registry.npmjs.org/yocto-queue cache-miss
817 http fetch GET 200 https://registry.npmjs.org/yocto-queue 63ms (cache miss)
818 silly packumentCache full:https://registry.npmjs.org/yocto-queue set size:undefined disposed:false
819 silly placeDep ROOT yocto-queue@0.1.0 OK for: p-limit@3.1.0 want: ^0.1.0
820 silly placeDep ROOT callsites@3.1.0 OK for: parent-module@1.0.1 want: ^3.0.0
821 silly placeDep ROOT entities@6.0.1 OK for: parse5@7.3.0 want: ^6.0.0
822 silly placeDep ROOT forwarded@0.2.0 OK for: proxy-addr@2.0.7 want: 0.2.0
823 silly placeDep ROOT ipaddr.js@1.9.1 OK for: proxy-addr@2.0.7 want: 1.9.1
824 silly placeDep ROOT es-define-property@1.0.1 OK for: qs@6.15.3 want: ^1.0.1
825 silly placeDep ROOT side-channel@1.1.1 OK for: qs@6.15.3 want: ^1.1.1
826 silly fetch manifest es-errors@^1.3.0
827 silly packumentCache full:https://registry.npmjs.org/es-errors cache-miss
828 silly fetch manifest object-inspect@^1.13.4
829 silly packumentCache full:https://registry.npmjs.org/object-inspect cache-miss
830 silly fetch manifest side-channel-list@^1.0.1
831 silly packumentCache full:https://registry.npmjs.org/side-channel-list cache-miss
832 silly fetch manifest side-channel-map@^1.0.1
833 silly packumentCache full:https://registry.npmjs.org/side-channel-map cache-miss
834 silly fetch manifest side-channel-weakmap@^1.0.2
835 silly packumentCache full:https://registry.npmjs.org/side-channel-weakmap cache-miss
836 http fetch GET 200 https://registry.npmjs.org/side-channel-weakmap 85ms (cache miss)
837 silly packumentCache full:https://registry.npmjs.org/side-channel-weakmap set size:undefined disposed:false
838 http fetch GET 200 https://registry.npmjs.org/side-channel-map 92ms (cache miss)
839 silly packumentCache full:https://registry.npmjs.org/side-channel-map set size:undefined disposed:false
840 http fetch GET 200 https://registry.npmjs.org/side-channel-list 97ms (cache miss)
841 silly packumentCache full:https://registry.npmjs.org/side-channel-list set size:undefined disposed:false
842 http fetch GET 200 https://registry.npmjs.org/es-errors 499ms (cache miss)
843 silly packumentCache full:https://registry.npmjs.org/es-errors set size:undefined disposed:false
844 http fetch GET 200 https://registry.npmjs.org/object-inspect 507ms (cache miss)
845 silly packumentCache full:https://registry.npmjs.org/object-inspect set size:undefined disposed:false
846 silly placeDep ROOT unpipe@1.0.0 OK for: raw-body@3.0.2 want: ~1.0.0
847 silly placeDep ROOT is-promise@4.0.0 OK for: router@2.2.0 want: ^4.0.0
848 silly placeDep ROOT path-to-regexp@8.4.2 OK for: router@2.2.0 want: ^8.0.0
849 silly placeDep ROOT shebang-regex@3.0.0 OK for: shebang-command@2.0.0 want: ^3.0.0
850 silly placeDep ROOT es-errors@1.3.0 OK for: side-channel@1.1.1 want: ^1.3.0
851 silly placeDep ROOT object-inspect@1.13.4 OK for: side-channel@1.1.1 want: ^1.13.4
852 silly placeDep ROOT side-channel-list@1.0.1 OK for: side-channel@1.1.1 want: ^1.0.1
853 silly placeDep ROOT side-channel-map@1.0.1 OK for: side-channel@1.1.1 want: ^1.0.1
854 silly placeDep ROOT side-channel-weakmap@1.0.2 OK for: side-channel@1.1.1 want: ^1.0.2
855 silly fetch manifest call-bound@^1.0.2
856 silly packumentCache full:https://registry.npmjs.org/call-bound cache-miss
857 silly fetch manifest get-intrinsic@^1.2.5
858 silly packumentCache full:https://registry.npmjs.org/get-intrinsic cache-miss
859 silly fetch manifest call-bound@^1.0.2
860 silly packumentCache full:https://registry.npmjs.org/call-bound cache-miss
861 silly fetch manifest get-intrinsic@^1.2.5
862 silly packumentCache full:https://registry.npmjs.org/get-intrinsic cache-miss
863 http fetch GET 200 https://registry.npmjs.org/call-bound 74ms (cache miss)
864 silly packumentCache full:https://registry.npmjs.org/call-bound set size:undefined disposed:false
865 http fetch GET 200 https://registry.npmjs.org/get-intrinsic 90ms (cache miss)
866 silly packumentCache full:https://registry.npmjs.org/get-intrinsic set size:undefined disposed:false
867 http fetch GET 200 https://registry.npmjs.org/get-intrinsic 95ms (cache miss)
868 silly packumentCache full:https://registry.npmjs.org/get-intrinsic set size:undefined disposed:false
869 http fetch GET 200 https://registry.npmjs.org/call-bound 415ms (cache miss)
870 silly packumentCache full:https://registry.npmjs.org/call-bound set size:undefined disposed:false
871 silly placeDep ROOT call-bound@1.0.4 OK for: side-channel-map@1.0.1 want: ^1.0.2
872 silly placeDep ROOT get-intrinsic@1.3.0 OK for: side-channel-map@1.0.1 want: ^1.2.5
873 silly fetch manifest call-bind-apply-helpers@^1.0.2
874 silly packumentCache full:https://registry.npmjs.org/call-bind-apply-helpers cache-miss
875 silly fetch manifest get-intrinsic@^1.3.0
876 silly packumentCache full:https://registry.npmjs.org/get-intrinsic cache-miss
877 silly fetch manifest gopd@^1.2.0
878 silly packumentCache full:https://registry.npmjs.org/gopd cache-miss
879 silly fetch manifest hasown@^2.0.2
880 silly packumentCache full:https://registry.npmjs.org/hasown cache-miss
881 silly fetch manifest get-proto@^1.0.1
882 silly packumentCache full:https://registry.npmjs.org/get-proto cache-miss
883 silly fetch manifest has-symbols@^1.1.0
884 silly packumentCache full:https://registry.npmjs.org/has-symbols cache-miss
885 silly fetch manifest function-bind@^1.1.2
886 silly packumentCache full:https://registry.npmjs.org/function-bind cache-miss
887 http cache https://registry.npmjs.org/get-intrinsic 39ms (cache hit)
888 silly packumentCache full:https://registry.npmjs.org/get-intrinsic set size:60985 disposed:false
889 silly fetch manifest es-object-atoms@^1.1.1
890 silly packumentCache full:https://registry.npmjs.org/es-object-atoms cache-miss
891 http fetch GET 200 https://registry.npmjs.org/get-proto 102ms (cache miss)
892 silly packumentCache full:https://registry.npmjs.org/get-proto set size:undefined disposed:false
893 silly fetch manifest math-intrinsics@^1.1.0
894 silly packumentCache full:https://registry.npmjs.org/math-intrinsics cache-miss
895 http fetch GET 200 https://registry.npmjs.org/function-bind 104ms (cache miss)
896 silly packumentCache full:https://registry.npmjs.org/function-bind set size:undefined disposed:false
897 silly fetch manifest call-bind-apply-helpers@^1.0.2
898 silly packumentCache full:https://registry.npmjs.org/call-bind-apply-helpers cache-miss
899 http fetch GET 200 https://registry.npmjs.org/gopd 115ms (cache miss)
900 silly packumentCache full:https://registry.npmjs.org/gopd set size:undefined disposed:false
901 http fetch GET 200 https://registry.npmjs.org/call-bind-apply-helpers 125ms (cache miss)
902 silly packumentCache full:https://registry.npmjs.org/call-bind-apply-helpers set size:undefined disposed:false
903 http fetch GET 200 https://registry.npmjs.org/has-symbols 118ms (cache miss)
904 silly packumentCache full:https://registry.npmjs.org/has-symbols set size:undefined disposed:false
905 http fetch GET 200 https://registry.npmjs.org/hasown 125ms (cache miss)
906 silly packumentCache full:https://registry.npmjs.org/hasown set size:undefined disposed:false
907 http cache https://registry.npmjs.org/call-bind-apply-helpers 20ms (cache hit)
908 silly packumentCache full:https://registry.npmjs.org/call-bind-apply-helpers set size:12744 disposed:false
909 http fetch GET 200 https://registry.npmjs.org/math-intrinsics 77ms (cache miss)
910 silly packumentCache full:https://registry.npmjs.org/math-intrinsics set size:undefined disposed:false
911 http fetch GET 200 https://registry.npmjs.org/es-object-atoms 397ms (cache miss)
912 silly packumentCache full:https://registry.npmjs.org/es-object-atoms set size:undefined disposed:false
913 silly placeDep ROOT call-bind-apply-helpers@1.0.2 OK for: call-bound@1.0.4 want: ^1.0.2
914 silly placeDep ROOT function-bind@1.1.2 OK for: call-bind-apply-helpers@1.0.2 want: ^1.1.2
915 silly placeDep ROOT es-object-atoms@1.1.2 OK for: get-intrinsic@1.3.0 want: ^1.1.1
916 silly placeDep ROOT get-proto@1.0.1 OK for: get-intrinsic@1.3.0 want: ^1.0.1
917 silly placeDep ROOT gopd@1.2.0 OK for: get-intrinsic@1.3.0 want: ^1.2.0
918 silly placeDep ROOT has-symbols@1.1.0 OK for: get-intrinsic@1.3.0 want: ^1.1.0
919 silly placeDep ROOT hasown@2.0.4 OK for: get-intrinsic@1.3.0 want: ^2.0.2
920 silly placeDep ROOT math-intrinsics@1.1.0 OK for: get-intrinsic@1.3.0 want: ^1.1.0
921 silly fetch manifest dunder-proto@^1.0.1
922 silly packumentCache full:https://registry.npmjs.org/dunder-proto cache-miss
923 http fetch GET 200 https://registry.npmjs.org/dunder-proto 81ms (cache miss)
924 silly packumentCache full:https://registry.npmjs.org/dunder-proto set size:undefined disposed:false
925 silly placeDep ROOT dunder-proto@1.0.1 OK for: get-proto@1.0.1 want: ^1.0.1
926 silly placeDep ROOT has-flag@4.0.0 OK for: supports-color@7.2.0 want: ^4.0.0
927 silly placeDep node_modules/type-is content-type@2.1.0 OK for: type-is@2.1.0 want: ^2.0.0
928 silly placeDep ROOT media-typer@1.1.1 OK for: type-is@2.1.0 want: ^1.1.0
929 silly placeDep ROOT punycode@2.3.1 OK for: uri-js@4.4.1 want: ^2.1.0
930 silly placeDep ROOT isexe@2.0.0 OK for: which@2.0.2 want: ^2.0.0
931 silly placeDep ROOT bufferutil@4.1.0 OK for: wisp-server-node@1.1.7 want: ^4.0.8
932 silly placeDep ROOT utf-8-validate@6.0.6 OK for: wisp-server-node@1.1.7 want: ^6.0.4
933 silly fetch manifest node-gyp-build@^4.3.0
934 silly packumentCache full:https://registry.npmjs.org/node-gyp-build cache-miss
935 silly fetch manifest node-gyp-build@^4.3.0
936 silly packumentCache full:https://registry.npmjs.org/node-gyp-build cache-miss
937 http fetch GET 200 https://registry.npmjs.org/node-gyp-build 469ms (cache miss)
938 silly packumentCache full:https://registry.npmjs.org/node-gyp-build set size:undefined disposed:false
939 http fetch GET 200 https://registry.npmjs.org/node-gyp-build 478ms (cache miss)
940 silly packumentCache full:https://registry.npmjs.org/node-gyp-build set size:undefined disposed:false
941 silly placeDep ROOT node-gyp-build@4.8.4 OK for: bufferutil@4.1.0 want: ^4.3.0
942 silly reify moves {}
943 silly audit bulk request {
943 silly audit   '@mercuryworkshop/bare-mux': [ '2.1.9' ],
943 silly audit   '@mercuryworkshop/epoxy-transport': [ '2.1.28' ],
943 silly audit   '@titaniumnetwork-dev/ultraviolet': [ '3.2.10' ],
943 silly audit   eslint: [ '9.39.5' ],
943 silly audit   express: [ '5.2.1' ],
943 silly audit   prettier: [ '3.9.6' ],
943 silly audit   'wisp-server-node': [ '1.1.7' ],
943 silly audit   ws: [ '8.21.3' ],
943 silly audit   '@mercuryworkshop/epoxy-tls': [ '2.1.18-1' ],
943 silly audit   astring: [ '1.9.0' ],
943 silly audit   events: [ '3.3.0' ],
943 silly audit   idb: [ '8.0.3' ],
943 silly audit   meriyah: [ '6.1.4' ],
943 silly audit   parse5: [ '7.3.0' ],
943 silly audit   'set-cookie-parser': [ '2.7.2' ],
943 silly audit   '@eslint-community/eslint-utils': [ '4.10.1' ],
943 silly audit   '@eslint-community/regexpp': [ '4.12.2' ],
943 silly audit   '@eslint/config-array': [ '0.21.2' ],
943 silly audit   '@eslint/config-helpers': [ '0.4.2' ],
943 silly audit   '@eslint/core': [ '0.17.0' ],
943 silly audit   '@eslint/eslintrc': [ '3.3.6' ],
943 silly audit   '@eslint/js': [ '9.39.5' ],
943 silly audit   '@eslint/plugin-kit': [ '0.4.1' ],
943 silly audit   '@humanfs/node': [ '0.16.8' ],
943 silly audit   '@humanwhocodes/module-importer': [ '1.0.1' ],
943 silly audit   '@humanwhocodes/retry': [ '0.4.3' ],
943 silly audit   '@types/estree': [ '1.0.9' ],
943 silly audit   ajv: [ '6.15.0' ],
943 silly audit   chalk: [ '4.1.2' ],
943 silly audit   'cross-spawn': [ '7.0.6' ],
943 silly audit   debug: [ '4.4.3' ],
943 silly audit   'escape-string-regexp': [ '4.0.0' ],
943 silly audit   'eslint-scope': [ '8.4.0' ],
943 silly audit   'eslint-visitor-keys': [ '4.2.1', '3.4.3' ],
943 silly audit   espree: [ '10.4.0' ],
943 silly audit   esquery: [ '1.7.0' ],
943 silly audit   esutils: [ '2.0.3' ],
943 silly audit   'fast-deep-equal': [ '3.1.3' ],
943 silly audit   'file-entry-cache': [ '8.0.0' ],
943 silly audit   'find-up': [ '5.0.0' ],
943 silly audit   'glob-parent': [ '6.0.2' ],
943 silly audit   ignore: [ '5.3.2' ],
943 silly audit   imurmurhash: [ '0.1.4' ],
943 silly audit   'is-glob': [ '4.0.3' ],
943 silly audit   'json-stable-stringify-without-jsonify': [ '1.0.1' ],
943 silly audit   'lodash.merge': [ '4.6.2' ],
943 silly audit   minimatch: [ '3.1.5' ],
943 silly audit   'natural-compare': [ '1.4.0' ],
943 silly audit   optionator: [ '0.9.4' ],
943 silly audit   '@eslint/object-schema': [ '2.1.7' ],
943 silly audit   '@types/json-schema': [ '7.0.15' ],
943 silly audit   globals: [ '14.0.0' ],
943 silly audit   'import-fresh': [ '3.3.1' ],
943 silly audit   'js-yaml': [ '4.3.2' ],
943 silly audit   'strip-json-comments': [ '3.1.1' ],
943 silly audit   levn: [ '0.4.1' ],
943 silly audit   '@humanfs/core': [ '0.19.2' ],
943 silly audit   '@humanfs/types': [ '0.15.0' ],
943 silly audit   'fast-json-stable-stringify': [ '2.1.0' ],
943 silly audit   'json-schema-traverse': [ '0.4.1' ],
943 silly audit   'uri-js': [ '4.4.1' ],
943 silly audit   'ansi-styles': [ '4.3.0' ],
943 silly audit   'supports-color': [ '7.2.0' ],
943 silly audit   'color-convert': [ '2.0.1' ],
943 silly audit   'color-name': [ '1.1.4' ],
943 silly audit   'path-key': [ '3.1.1' ],
943 silly audit   'shebang-command': [ '2.0.0' ],
943 silly audit   which: [ '2.0.2' ],
943 silly audit   ms: [ '2.1.3' ],
943 silly audit   esrecurse: [ '4.3.0' ],
943 silly audit   estraverse: [ '5.3.0' ],
943 silly audit   acorn: [ '8.18.0' ],
943 silly audit   'acorn-jsx': [ '5.3.2' ],
943 silly audit   accepts: [ '2.0.0' ],
943 silly audit   'body-parser': [ '2.3.0' ],
943 silly audit   'content-disposition': [ '1.1.0' ],
943 silly audit   'content-type': [ '1.0.5', '2.1.0' ],
943 silly audit   cookie: [ '0.7.2' ],
943 silly audit   'cookie-signature': [ '1.2.2' ],
943 silly audit   depd: [ '2.0.0' ],
943 silly audit   encodeurl: [ '2.0.0' ],
943 silly audit   'escape-html': [ '1.0.3' ],
943 silly audit   etag: [ '1.8.1' ],
943 silly audit   finalhandler: [ '2.1.1' ],
943 silly audit   fresh: [ '2.0.0' ],
943 silly audit   'http-errors': [ '2.0.1' ],
943 silly audit   'merge-descriptors': [ '2.0.0' ],
943 silly audit   'mime-types': [ '3.0.2' ],
943 silly audit   'on-finished': [ '2.4.1' ],
943 silly audit   once: [ '1.4.0' ],
943 silly audit   parseurl: [ '1.3.3' ],
943 silly audit   'proxy-addr': [ '2.0.7' ],
943 silly audit   qs: [ '6.15.3' ],
943 silly audit   'range-parser': [ '1.3.0' ],
943 silly audit   router: [ '2.2.0' ],
943 silly audit   send: [ '1.2.1' ],
943 silly audit   'serve-static': [ '2.2.1' ],
943 silly audit   statuses: [ '2.0.2' ],
943 silly audit   'type-is': [ '2.1.0' ],
943 silly audit   vary: [ '1.1.2' ],
943 silly audit   negotiator: [ '1.1.0' ],
943 silly audit   bytes: [ '3.1.2' ],
943 silly audit   'iconv-lite': [ '0.7.3' ],
943 silly audit   'raw-body': [ '3.0.2' ],
943 silly audit   'flat-cache': [ '4.0.1' ],
943 silly audit   'locate-path': [ '6.0.0' ],
943 silly audit   'path-exists': [ '4.0.0' ],
943 silly audit   flatted: [ '3.4.4' ],
943 silly audit   keyv: [ '4.5.4' ],
943 silly audit   inherits: [ '2.0.4' ],
943 silly audit   setprototypeof: [ '1.2.0' ],
943 silly audit   toidentifier: [ '1.0.1' ],
943 silly audit   'safer-buffer': [ '2.1.2' ],
943 silly audit   'parent-module': [ '1.0.1' ],
943 silly audit   'resolve-from': [ '4.0.0' ],
943 silly audit   'is-extglob': [ '2.1.1' ],
943 silly audit   argparse: [ '2.0.1' ],
943 silly audit   'json-buffer': [ '3.0.1' ],
943 silly audit   'prelude-ls': [ '1.2.1' ],
943 silly audit   'type-check': [ '0.4.0' ],
943 silly audit   'p-locate': [ '5.0.0' ],
943 silly audit   'mime-db': [ '1.54.0' ],
943 silly audit   'brace-expansion': [ '1.1.18' ],
943 silly audit   'balanced-match': [ '1.0.2' ],
943 silly audit   'concat-map': [ '0.0.1' ],
943 silly audit   'ee-first': [ '1.1.1' ],
943 silly audit   wrappy: [ '1.0.2' ],
943 silly audit   'deep-is': [ '0.1.4' ],
943 silly audit   'fast-levenshtein': [ '2.0.6' ],
943 silly audit   'word-wrap': [ '1.2.5' ],
943 silly audit   'p-limit': [ '3.1.0' ],
943 silly audit   'yocto-queue': [ '0.1.0' ],
943 silly audit   callsites: [ '3.1.0' ],
943 silly audit   entities: [ '6.0.1' ],
943 silly audit   forwarded: [ '0.2.0' ],
943 silly audit   'ipaddr.js': [ '1.9.1' ],
943 silly audit   'es-define-property': [ '1.0.1' ],
943 silly audit   'side-channel': [ '1.1.1' ],
943 silly audit   unpipe: [ '1.0.0' ],
943 silly audit   'is-promise': [ '4.0.0' ],
943 silly audit   'path-to-regexp': [ '8.4.2' ],
943 silly audit   'shebang-regex': [ '3.0.0' ],
943 silly audit   'es-errors': [ '1.3.0' ],
943 silly audit   'object-inspect': [ '1.13.4' ],
943 silly audit   'side-channel-list': [ '1.0.1' ],
943 silly audit   'side-channel-map': [ '1.0.1' ],
943 silly audit   'side-channel-weakmap': [ '1.0.2' ],
943 silly audit   'call-bound': [ '1.0.4' ],
943 silly audit   'get-intrinsic': [ '1.3.0' ],
943 silly audit   'call-bind-apply-helpers': [ '1.0.2' ],
943 silly audit   'function-bind': [ '1.1.2' ],
943 silly audit   'es-object-atoms': [ '1.1.2' ],
943 silly audit   'get-proto': [ '1.0.1' ],
943 silly audit   gopd: [ '1.2.0' ],
943 silly audit   'has-symbols': [ '1.1.0' ],
943 silly audit   hasown: [ '2.0.4' ],
943 silly audit   'math-intrinsics': [ '1.1.0' ],
943 silly audit   'dunder-proto': [ '1.0.1' ],
943 silly audit   'has-flag': [ '4.0.0' ],
943 silly audit   'media-typer': [ '1.1.1' ],
943 silly audit   punycode: [ '2.3.1' ],
943 silly audit   isexe: [ '2.0.0' ],
943 silly audit   bufferutil: [ '4.1.0' ],
943 silly audit   'utf-8-validate': [ '6.0.6' ],
943 silly audit   'node-gyp-build': [ '4.8.4' ]
943 silly audit }
944 http cache node-gyp-build@https://registry.npmjs.org/node-gyp-build/-/node-gyp-build-4.8.4.tgz 0ms (cache hit)
945 http cache bufferutil@https://registry.npmjs.org/bufferutil/-/bufferutil-4.1.0.tgz 0ms (cache hit)
946 http cache utf-8-validate@https://registry.npmjs.org/utf-8-validate/-/utf-8-validate-6.0.6.tgz 0ms (cache hit)
947 http cache isexe@https://registry.npmjs.org/isexe/-/isexe-2.0.0.tgz 0ms (cache hit)
948 http cache has-flag@https://registry.npmjs.org/has-flag/-/has-flag-4.0.0.tgz 0ms (cache hit)
949 http cache punycode@https://registry.npmjs.org/punycode/-/punycode-2.3.1.tgz 0ms (cache hit)
950 http cache dunder-proto@https://registry.npmjs.org/dunder-proto/-/dunder-proto-1.0.1.tgz 0ms (cache hit)
951 http cache math-intrinsics@https://registry.npmjs.org/math-intrinsics/-/math-intrinsics-1.1.0.tgz 0ms (cache hit)
952 http cache media-typer@https://registry.npmjs.org/media-typer/-/media-typer-1.1.1.tgz 0ms (cache hit)
953 http cache gopd@https://registry.npmjs.org/gopd/-/gopd-1.2.0.tgz 0ms (cache hit)
954 http cache has-symbols@https://registry.npmjs.org/has-symbols/-/has-symbols-1.1.0.tgz 0ms (cache hit)
955 http cache hasown@https://registry.npmjs.org/hasown/-/hasown-2.0.4.tgz 1ms (cache hit)
956 http cache es-object-atoms@https://registry.npmjs.org/es-object-atoms/-/es-object-atoms-1.1.2.tgz 0ms (cache hit)
957 http cache function-bind@https://registry.npmjs.org/function-bind/-/function-bind-1.1.2.tgz 0ms (cache hit)
958 http cache get-intrinsic@https://registry.npmjs.org/get-intrinsic/-/get-intrinsic-1.3.0.tgz 0ms (cache hit)
959 http cache get-proto@https://registry.npmjs.org/get-proto/-/get-proto-1.0.1.tgz 0ms (cache hit)
960 http cache call-bound@https://registry.npmjs.org/call-bound/-/call-bound-1.0.4.tgz 0ms (cache hit)
961 http cache side-channel-weakmap@https://registry.npmjs.org/side-channel-weakmap/-/side-channel-weakmap-1.0.2.tgz 0ms (cache hit)
962 http cache call-bind-apply-helpers@https://registry.npmjs.org/call-bind-apply-helpers/-/call-bind-apply-helpers-1.0.2.tgz 0ms (cache hit)
963 http cache side-channel-list@https://registry.npmjs.org/side-channel-list/-/side-channel-list-1.0.1.tgz 0ms (cache hit)
964 http cache es-errors@https://registry.npmjs.org/es-errors/-/es-errors-1.3.0.tgz 0ms (cache hit)
965 http cache path-to-regexp@https://registry.npmjs.org/path-to-regexp/-/path-to-regexp-8.4.2.tgz 0ms (cache hit)
966 http cache side-channel-map@https://registry.npmjs.org/side-channel-map/-/side-channel-map-1.0.1.tgz 0ms (cache hit)
967 http cache is-promise@https://registry.npmjs.org/is-promise/-/is-promise-4.0.0.tgz 0ms (cache hit)
968 http cache object-inspect@https://registry.npmjs.org/object-inspect/-/object-inspect-1.13.4.tgz 0ms (cache hit)
969 http cache es-define-property@https://registry.npmjs.org/es-define-property/-/es-define-property-1.0.1.tgz 0ms (cache hit)
970 http cache side-channel@https://registry.npmjs.org/side-channel/-/side-channel-1.1.1.tgz 0ms (cache hit)
971 http cache shebang-regex@https://registry.npmjs.org/shebang-regex/-/shebang-regex-3.0.0.tgz 0ms (cache hit)
972 http cache ipaddr.js@https://registry.npmjs.org/ipaddr.js/-/ipaddr.js-1.9.1.tgz 0ms (cache hit)
973 http cache forwarded@https://registry.npmjs.org/forwarded/-/forwarded-0.2.0.tgz 0ms (cache hit)
974 http cache unpipe@https://registry.npmjs.org/unpipe/-/unpipe-1.0.0.tgz 0ms (cache hit)
975 http cache callsites@https://registry.npmjs.org/callsites/-/callsites-3.1.0.tgz 0ms (cache hit)
976 http cache yocto-queue@https://registry.npmjs.org/yocto-queue/-/yocto-queue-0.1.0.tgz 0ms (cache hit)
977 http cache p-limit@https://registry.npmjs.org/p-limit/-/p-limit-3.1.0.tgz 0ms (cache hit)
978 http cache entities@https://registry.npmjs.org/entities/-/entities-6.0.1.tgz 0ms (cache hit)
979 http cache fast-levenshtein@https://registry.npmjs.org/fast-levenshtein/-/fast-levenshtein-2.0.6.tgz 0ms (cache hit)
980 http cache deep-is@https://registry.npmjs.org/deep-is/-/deep-is-0.1.4.tgz 0ms (cache hit)
981 http cache word-wrap@https://registry.npmjs.org/word-wrap/-/word-wrap-1.2.5.tgz 0ms (cache hit)
982 http cache ee-first@https://registry.npmjs.org/ee-first/-/ee-first-1.1.1.tgz 0ms (cache hit)
983 http cache balanced-match@https://registry.npmjs.org/balanced-match/-/balanced-match-1.0.2.tgz 0ms (cache hit)
984 http cache mime-db@https://registry.npmjs.org/mime-db/-/mime-db-1.54.0.tgz 0ms (cache hit)
985 http cache brace-expansion@https://registry.npmjs.org/brace-expansion/-/brace-expansion-1.1.18.tgz 0ms (cache hit)
986 http cache wrappy@https://registry.npmjs.org/wrappy/-/wrappy-1.0.2.tgz 0ms (cache hit)
987 http cache concat-map@https://registry.npmjs.org/concat-map/-/concat-map-0.0.1.tgz 0ms (cache hit)
988 http cache p-locate@https://registry.npmjs.org/p-locate/-/p-locate-5.0.0.tgz 0ms (cache hit)
989 http cache type-check@https://registry.npmjs.org/type-check/-/type-check-0.4.0.tgz 0ms (cache hit)
990 http cache argparse@https://registry.npmjs.org/argparse/-/argparse-2.0.1.tgz 0ms (cache hit)
991 http cache is-extglob@https://registry.npmjs.org/is-extglob/-/is-extglob-2.1.1.tgz 0ms (cache hit)
992 http cache resolve-from@https://registry.npmjs.org/resolve-from/-/resolve-from-4.0.0.tgz 0ms (cache hit)
993 http cache prelude-ls@https://registry.npmjs.org/prelude-ls/-/prelude-ls-1.2.1.tgz 0ms (cache hit)
994 http cache json-buffer@https://registry.npmjs.org/json-buffer/-/json-buffer-3.0.1.tgz 0ms (cache hit)
995 http cache parent-module@https://registry.npmjs.org/parent-module/-/parent-module-1.0.1.tgz 0ms (cache hit)
996 http cache safer-buffer@https://registry.npmjs.org/safer-buffer/-/safer-buffer-2.1.2.tgz 0ms (cache hit)
997 http cache inherits@https://registry.npmjs.org/inherits/-/inherits-2.0.4.tgz 0ms (cache hit)
998 http cache toidentifier@https://registry.npmjs.org/toidentifier/-/toidentifier-1.0.1.tgz 0ms (cache hit)
999 http cache setprototypeof@https://registry.npmjs.org/setprototypeof/-/setprototypeof-1.2.0.tgz 0ms (cache hit)
1000 http cache path-exists@https://registry.npmjs.org/path-exists/-/path-exists-4.0.0.tgz 0ms (cache hit)
1001 http cache flatted@https://registry.npmjs.org/flatted/-/flatted-3.4.4.tgz 0ms (cache hit)
1002 http cache locate-path@https://registry.npmjs.org/locate-path/-/locate-path-6.0.0.tgz 0ms (cache hit)
1003 http cache flat-cache@https://registry.npmjs.org/flat-cache/-/flat-cache-4.0.1.tgz 0ms (cache hit)
1004 http cache raw-body@https://registry.npmjs.org/raw-body/-/raw-body-3.0.2.tgz 0ms (cache hit)
1005 http cache iconv-lite@https://registry.npmjs.org/iconv-lite/-/iconv-lite-0.7.3.tgz 0ms (cache hit)
1006 http cache bytes@https://registry.npmjs.org/bytes/-/bytes-3.1.2.tgz 0ms (cache hit)
1007 http cache type-is@https://registry.npmjs.org/type-is/-/type-is-2.1.0.tgz 0ms (cache hit)
1008 http cache negotiator@https://registry.npmjs.org/negotiator/-/negotiator-1.1.0.tgz 0ms (cache hit)
1009 http cache vary@https://registry.npmjs.org/vary/-/vary-1.1.2.tgz 0ms (cache hit)
1010 http cache keyv@https://registry.npmjs.org/keyv/-/keyv-4.5.4.tgz 0ms (cache hit)
1011 http cache statuses@https://registry.npmjs.org/statuses/-/statuses-2.0.2.tgz 0ms (cache hit)
1012 http cache range-parser@https://registry.npmjs.org/range-parser/-/range-parser-1.3.0.tgz 0ms (cache hit)
1013 http cache router@https://registry.npmjs.org/router/-/router-2.2.0.tgz 0ms (cache hit)
1014 http cache serve-static@https://registry.npmjs.org/serve-static/-/serve-static-2.2.1.tgz 0ms (cache hit)
1015 http cache send@https://registry.npmjs.org/send/-/send-1.2.1.tgz 0ms (cache hit)
1016 http cache qs@https://registry.npmjs.org/qs/-/qs-6.15.3.tgz 0ms (cache hit)
1017 http cache proxy-addr@https://registry.npmjs.org/proxy-addr/-/proxy-addr-2.0.7.tgz 0ms (cache hit)
1018 http cache on-finished@https://registry.npmjs.org/on-finished/-/on-finished-2.4.1.tgz 0ms (cache hit)
1019 http cache mime-types@https://registry.npmjs.org/mime-types/-/mime-types-3.0.2.tgz 0ms (cache hit)
1020 http cache parseurl@https://registry.npmjs.org/parseurl/-/parseurl-1.3.3.tgz 0ms (cache hit)
1021 http cache merge-descriptors@https://registry.npmjs.org/merge-descriptors/-/merge-descriptors-2.0.0.tgz 0ms (cache hit)
1022 http cache once@https://registry.npmjs.org/once/-/once-1.4.0.tgz 0ms (cache hit)
1023 http cache http-errors@https://registry.npmjs.org/http-errors/-/http-errors-2.0.1.tgz 0ms (cache hit)
1024 http cache escape-html@https://registry.npmjs.org/escape-html/-/escape-html-1.0.3.tgz 0ms (cache hit)
1025 http cache finalhandler@https://registry.npmjs.org/finalhandler/-/finalhandler-2.1.1.tgz 0ms (cache hit)
1026 http cache fresh@https://registry.npmjs.org/fresh/-/fresh-2.0.0.tgz 0ms (cache hit)
1027 http cache encodeurl@https://registry.npmjs.org/encodeurl/-/encodeurl-2.0.0.tgz 0ms (cache hit)
1028 http cache etag@https://registry.npmjs.org/etag/-/etag-1.8.1.tgz 0ms (cache hit)
1029 http cache depd@https://registry.npmjs.org/depd/-/depd-2.0.0.tgz 0ms (cache hit)
1030 http cache cookie@https://registry.npmjs.org/cookie/-/cookie-0.7.2.tgz 0ms (cache hit)
1031 http cache content-disposition@https://registry.npmjs.org/content-disposition/-/content-disposition-1.1.0.tgz 0ms (cache hit)
1032 http cache body-parser@https://registry.npmjs.org/body-parser/-/body-parser-2.3.0.tgz 0ms (cache hit)
1033 http cache cookie-signature@https://registry.npmjs.org/cookie-signature/-/cookie-signature-1.2.2.tgz 0ms (cache hit)
1034 http cache acorn-jsx@https://registry.npmjs.org/acorn-jsx/-/acorn-jsx-5.3.2.tgz 0ms (cache hit)
1035 http cache accepts@https://registry.npmjs.org/accepts/-/accepts-2.0.0.tgz 0ms (cache hit)
1036 http cache content-type@https://registry.npmjs.org/content-type/-/content-type-1.0.5.tgz 0ms (cache hit)
1037 http cache estraverse@https://registry.npmjs.org/estraverse/-/estraverse-5.3.0.tgz 0ms (cache hit)
1038 http cache esrecurse@https://registry.npmjs.org/esrecurse/-/esrecurse-4.3.0.tgz 0ms (cache hit)
1039 http cache which@https://registry.npmjs.org/which/-/which-2.0.2.tgz 0ms (cache hit)
1040 http cache shebang-command@https://registry.npmjs.org/shebang-command/-/shebang-command-2.0.0.tgz 0ms (cache hit)
1041 http cache acorn@https://registry.npmjs.org/acorn/-/acorn-8.18.0.tgz 0ms (cache hit)
1042 http cache path-key@https://registry.npmjs.org/path-key/-/path-key-3.1.1.tgz 0ms (cache hit)
1043 http cache ms@https://registry.npmjs.org/ms/-/ms-2.1.3.tgz 0ms (cache hit)
1044 http cache color-name@https://registry.npmjs.org/color-name/-/color-name-1.1.4.tgz 0ms (cache hit)
1045 http cache supports-color@https://registry.npmjs.org/supports-color/-/supports-color-7.2.0.tgz 0ms (cache hit)
1046 http cache uri-js@https://registry.npmjs.org/uri-js/-/uri-js-4.4.1.tgz 0ms (cache hit)
1047 http cache json-schema-traverse@https://registry.npmjs.org/json-schema-traverse/-/json-schema-traverse-0.4.1.tgz 0ms (cache hit)
1048 http cache color-convert@https://registry.npmjs.org/color-convert/-/color-convert-2.0.1.tgz 0ms (cache hit)
1049 http cache ansi-styles@https://registry.npmjs.org/ansi-styles/-/ansi-styles-4.3.0.tgz 0ms (cache hit)
1050 http cache fast-json-stable-stringify@https://registry.npmjs.org/fast-json-stable-stringify/-/fast-json-stable-stringify-2.1.0.tgz 0ms (cache hit)
1051 http cache @humanfs/types@https://registry.npmjs.org/@humanfs/types/-/types-0.15.0.tgz 0ms (cache hit)
1052 http cache js-yaml@https://registry.npmjs.org/js-yaml/-/js-yaml-4.3.2.tgz 0ms (cache hit)
1053 http cache strip-json-comments@https://registry.npmjs.org/strip-json-comments/-/strip-json-comments-3.1.1.tgz 0ms (cache hit)
1054 http cache import-fresh@https://registry.npmjs.org/import-fresh/-/import-fresh-3.3.1.tgz 0ms (cache hit)
1055 http cache @humanfs/core@https://registry.npmjs.org/@humanfs/core/-/core-0.19.2.tgz 1ms (cache hit)
1056 http cache globals@https://registry.npmjs.org/globals/-/globals-14.0.0.tgz 0ms (cache hit)
1057 http cache levn@https://registry.npmjs.org/levn/-/levn-0.4.1.tgz 0ms (cache hit)
1058 http cache @types/json-schema@https://registry.npmjs.org/@types/json-schema/-/json-schema-7.0.15.tgz 0ms (cache hit)
1059 http cache optionator@https://registry.npmjs.org/optionator/-/optionator-0.9.4.tgz 0ms (cache hit)
1060 http cache minimatch@https://registry.npmjs.org/minimatch/-/minimatch-3.1.5.tgz 0ms (cache hit)
1061 http cache lodash.merge@https://registry.npmjs.org/lodash.merge/-/lodash.merge-4.6.2.tgz 0ms (cache hit)
1062 http cache natural-compare@https://registry.npmjs.org/natural-compare/-/natural-compare-1.4.0.tgz 0ms (cache hit)
1063 http cache @eslint/object-schema@https://registry.npmjs.org/@eslint/object-schema/-/object-schema-2.1.7.tgz 0ms (cache hit)
1064 http cache json-stable-stringify-without-jsonify@https://registry.npmjs.org/json-stable-stringify-without-jsonify/-/json-stable-stringify-without-jsonify-1.0.1.tgz 0ms (cache hit)
1065 http cache is-glob@https://registry.npmjs.org/is-glob/-/is-glob-4.0.3.tgz 0ms (cache hit)
1066 http cache glob-parent@https://registry.npmjs.org/glob-parent/-/glob-parent-6.0.2.tgz 0ms (cache hit)
1067 http cache find-up@https://registry.npmjs.org/find-up/-/find-up-5.0.0.tgz 0ms (cache hit)
1068 http cache file-entry-cache@https://registry.npmjs.org/file-entry-cache/-/file-entry-cache-8.0.0.tgz 0ms (cache hit)
1069 http cache imurmurhash@https://registry.npmjs.org/imurmurhash/-/imurmurhash-0.1.4.tgz 0ms (cache hit)
1070 http cache ignore@https://registry.npmjs.org/ignore/-/ignore-5.3.2.tgz 0ms (cache hit)
1071 http cache esutils@https://registry.npmjs.org/esutils/-/esutils-2.0.3.tgz 0ms (cache hit)
1072 http cache fast-deep-equal@https://registry.npmjs.org/fast-deep-equal/-/fast-deep-equal-3.1.3.tgz 0ms (cache hit)
1073 http cache espree@https://registry.npmjs.org/espree/-/espree-10.4.0.tgz 0ms (cache hit)
1074 http cache eslint-visitor-keys@https://registry.npmjs.org/eslint-visitor-keys/-/eslint-visitor-keys-4.2.1.tgz 0ms (cache hit)
1075 http cache escape-string-regexp@https://registry.npmjs.org/escape-string-regexp/-/escape-string-regexp-4.0.0.tgz 0ms (cache hit)
1076 http cache esquery@https://registry.npmjs.org/esquery/-/esquery-1.7.0.tgz 0ms (cache hit)
1077 http cache debug@https://registry.npmjs.org/debug/-/debug-4.4.3.tgz 0ms (cache hit)
1078 http cache cross-spawn@https://registry.npmjs.org/cross-spawn/-/cross-spawn-7.0.6.tgz 0ms (cache hit)
1079 http cache eslint-scope@https://registry.npmjs.org/eslint-scope/-/eslint-scope-8.4.0.tgz 0ms (cache hit)
1080 http cache ajv@https://registry.npmjs.org/ajv/-/ajv-6.15.0.tgz 0ms (cache hit)
1081 http cache @types/estree@https://registry.npmjs.org/@types/estree/-/estree-1.0.9.tgz 0ms (cache hit)
1082 http cache @humanwhocodes/module-importer@https://registry.npmjs.org/@humanwhocodes/module-importer/-/module-importer-1.0.1.tgz 0ms (cache hit)
1083 http cache chalk@https://registry.npmjs.org/chalk/-/chalk-4.1.2.tgz 0ms (cache hit)
1084 http cache @humanfs/node@https://registry.npmjs.org/@humanfs/node/-/node-0.16.8.tgz 0ms (cache hit)
1085 http cache @eslint/plugin-kit@https://registry.npmjs.org/@eslint/plugin-kit/-/plugin-kit-0.4.1.tgz 0ms (cache hit)
1086 http cache @humanwhocodes/retry@https://registry.npmjs.org/@humanwhocodes/retry/-/retry-0.4.3.tgz 0ms (cache hit)
1087 http cache @eslint/eslintrc@https://registry.npmjs.org/@eslint/eslintrc/-/eslintrc-3.3.6.tgz 0ms (cache hit)
1088 http cache @eslint/config-helpers@https://registry.npmjs.org/@eslint/config-helpers/-/config-helpers-0.4.2.tgz 0ms (cache hit)
1089 http cache @eslint/config-array@https://registry.npmjs.org/@eslint/config-array/-/config-array-0.21.2.tgz 0ms (cache hit)
1090 http cache @eslint/js@https://registry.npmjs.org/@eslint/js/-/js-9.39.5.tgz 0ms (cache hit)
1091 http cache @eslint-community/eslint-utils@https://registry.npmjs.org/@eslint-community/eslint-utils/-/eslint-utils-4.10.1.tgz 0ms (cache hit)
1092 http cache @eslint-community/regexpp@https://registry.npmjs.org/@eslint-community/regexpp/-/regexpp-4.12.2.tgz 0ms (cache hit)
1093 http cache parse5@https://registry.npmjs.org/parse5/-/parse5-7.3.0.tgz 0ms (cache hit)
1094 http cache @eslint/core@https://registry.npmjs.org/@eslint/core/-/core-0.17.0.tgz 0ms (cache hit)
1095 http cache meriyah@https://registry.npmjs.org/meriyah/-/meriyah-6.1.4.tgz 0ms (cache hit)
1096 http cache idb@https://registry.npmjs.org/idb/-/idb-8.0.3.tgz 0ms (cache hit)
1097 http cache set-cookie-parser@https://registry.npmjs.org/set-cookie-parser/-/set-cookie-parser-2.7.2.tgz 0ms (cache hit)
1098 http cache astring@https://registry.npmjs.org/astring/-/astring-1.9.0.tgz 0ms (cache hit)
1099 http cache @mercuryworkshop/epoxy-tls@https://registry.npmjs.org/@mercuryworkshop/epoxy-tls/-/epoxy-tls-2.1.18-1.tgz 0ms (cache hit)
1100 http cache wisp-server-node@https://registry.npmjs.org/wisp-server-node/-/wisp-server-node-1.1.7.tgz 0ms (cache hit)
1101 http cache prettier@https://registry.npmjs.org/prettier/-/prettier-3.9.6.tgz 0ms (cache hit)
1102 http cache events@https://registry.npmjs.org/events/-/events-3.3.0.tgz 0ms (cache hit)
1103 http cache eslint@https://registry.npmjs.org/eslint/-/eslint-9.39.5.tgz 0ms (cache hit)
1104 http cache express@https://registry.npmjs.org/express/-/express-5.2.1.tgz 0ms (cache hit)
1105 http cache ws@https://registry.npmjs.org/ws/-/ws-8.21.3.tgz 0ms (cache hit)
1106 http cache @mercuryworkshop/bare-mux@https://registry.npmjs.org/@mercuryworkshop/bare-mux/-/bare-mux-2.1.9.tgz 0ms (cache hit)
1107 http cache @mercuryworkshop/epoxy-transport@https://registry.npmjs.org/@mercuryworkshop/epoxy-transport/-/epoxy-transport-2.1.28.tgz 0ms (cache hit)
1108 http cache content-type@https://registry.npmjs.org/content-type/-/content-type-2.1.0.tgz 0ms (cache hit)
1109 http cache @titaniumnetwork-dev/ultraviolet@https://registry.npmjs.org/@titaniumnetwork-dev/ultraviolet/-/ultraviolet-3.2.10.tgz 0ms (cache hit)
1110 http cache content-type@https://registry.npmjs.org/content-type/-/content-type-2.1.0.tgz 0ms (cache hit)
1111 http cache eslint-visitor-keys@https://registry.npmjs.org/eslint-visitor-keys/-/eslint-visitor-keys-3.4.3.tgz 0ms (cache hit)
1112 http cache content-type@https://registry.npmjs.org/content-type/-/content-type-2.1.0.tgz 0ms (cache hit)
1113 silly tarball no local data for node-gyp-build@https://registry.npmjs.org/node-gyp-build/-/node-gyp-build-4.8.4.tgz. Extracting by manifest.
1114 silly tarball no local data for bufferutil@https://registry.npmjs.org/bufferutil/-/bufferutil-4.1.0.tgz. Extracting by manifest.
1115 silly tarball no local data for utf-8-validate@https://registry.npmjs.org/utf-8-validate/-/utf-8-validate-6.0.6.tgz. Extracting by manifest.
1116 silly tarball no local data for isexe@https://registry.npmjs.org/isexe/-/isexe-2.0.0.tgz. Extracting by manifest.
1117 silly tarball no local data for has-flag@https://registry.npmjs.org/has-flag/-/has-flag-4.0.0.tgz. Extracting by manifest.
1118 silly tarball no local data for punycode@https://registry.npmjs.org/punycode/-/punycode-2.3.1.tgz. Extracting by manifest.
1119 silly tarball no local data for dunder-proto@https://registry.npmjs.org/dunder-proto/-/dunder-proto-1.0.1.tgz. Extracting by manifest.
1120 silly tarball no local data for math-intrinsics@https://registry.npmjs.org/math-intrinsics/-/math-intrinsics-1.1.0.tgz. Extracting by manifest.
1121 silly tarball no local data for media-typer@https://registry.npmjs.org/media-typer/-/media-typer-1.1.1.tgz. Extracting by manifest.
1122 silly tarball no local data for gopd@https://registry.npmjs.org/gopd/-/gopd-1.2.0.tgz. Extracting by manifest.
1123 silly tarball no local data for has-symbols@https://registry.npmjs.org/has-symbols/-/has-symbols-1.1.0.tgz. Extracting by manifest.
1124 silly tarball no local data for hasown@https://registry.npmjs.org/hasown/-/hasown-2.0.4.tgz. Extracting by manifest.
1125 silly tarball no local data for es-object-atoms@https://registry.npmjs.org/es-object-atoms/-/es-object-atoms-1.1.2.tgz. Extracting by manifest.
1126 silly tarball no local data for function-bind@https://registry.npmjs.org/function-bind/-/function-bind-1.1.2.tgz. Extracting by manifest.
1127 silly tarball no local data for get-intrinsic@https://registry.npmjs.org/get-intrinsic/-/get-intrinsic-1.3.0.tgz. Extracting by manifest.
1128 silly tarball no local data for get-proto@https://registry.npmjs.org/get-proto/-/get-proto-1.0.1.tgz. Extracting by manifest.
1129 silly tarball no local data for call-bound@https://registry.npmjs.org/call-bound/-/call-bound-1.0.4.tgz. Extracting by manifest.
1130 silly tarball no local data for side-channel-weakmap@https://registry.npmjs.org/side-channel-weakmap/-/side-channel-weakmap-1.0.2.tgz. Extracting by manifest.
1131 silly tarball no local data for call-bind-apply-helpers@https://registry.npmjs.org/call-bind-apply-helpers/-/call-bind-apply-helpers-1.0.2.tgz. Extracting by manifest.
1132 silly tarball no local data for side-channel-list@https://registry.npmjs.org/side-channel-list/-/side-channel-list-1.0.1.tgz. Extracting by manifest.
1133 silly tarball no local data for es-errors@https://registry.npmjs.org/es-errors/-/es-errors-1.3.0.tgz. Extracting by manifest.
1134 silly tarball no local data for path-to-regexp@https://registry.npmjs.org/path-to-regexp/-/path-to-regexp-8.4.2.tgz. Extracting by manifest.
1135 silly tarball no local data for side-channel-map@https://registry.npmjs.org/side-channel-map/-/side-channel-map-1.0.1.tgz. Extracting by manifest.
1136 silly tarball no local data for is-promise@https://registry.npmjs.org/is-promise/-/is-promise-4.0.0.tgz. Extracting by manifest.
1137 silly tarball no local data for object-inspect@https://registry.npmjs.org/object-inspect/-/object-inspect-1.13.4.tgz. Extracting by manifest.
1138 silly tarball no local data for es-define-property@https://registry.npmjs.org/es-define-property/-/es-define-property-1.0.1.tgz. Extracting by manifest.
1139 silly tarball no local data for side-channel@https://registry.npmjs.org/side-channel/-/side-channel-1.1.1.tgz. Extracting by manifest.
1140 silly tarball no local data for shebang-regex@https://registry.npmjs.org/shebang-regex/-/shebang-regex-3.0.0.tgz. Extracting by manifest.
1141 silly tarball no local data for ipaddr.js@https://registry.npmjs.org/ipaddr.js/-/ipaddr.js-1.9.1.tgz. Extracting by manifest.
1142 silly tarball no local data for forwarded@https://registry.npmjs.org/forwarded/-/forwarded-0.2.0.tgz. Extracting by manifest.
1143 silly tarball no local data for unpipe@https://registry.npmjs.org/unpipe/-/unpipe-1.0.0.tgz. Extracting by manifest.
1144 silly tarball no local data for callsites@https://registry.npmjs.org/callsites/-/callsites-3.1.0.tgz. Extracting by manifest.
1145 silly tarball no local data for yocto-queue@https://registry.npmjs.org/yocto-queue/-/yocto-queue-0.1.0.tgz. Extracting by manifest.
1146 silly tarball no local data for p-limit@https://registry.npmjs.org/p-limit/-/p-limit-3.1.0.tgz. Extracting by manifest.
1147 silly tarball no local data for entities@https://registry.npmjs.org/entities/-/entities-6.0.1.tgz. Extracting by manifest.
1148 silly tarball no local data for fast-levenshtein@https://registry.npmjs.org/fast-levenshtein/-/fast-levenshtein-2.0.6.tgz. Extracting by manifest.
1149 silly tarball no local data for deep-is@https://registry.npmjs.org/deep-is/-/deep-is-0.1.4.tgz. Extracting by manifest.
1150 silly tarball no local data for word-wrap@https://registry.npmjs.org/word-wrap/-/word-wrap-1.2.5.tgz. Extracting by manifest.
1151 silly tarball no local data for ee-first@https://registry.npmjs.org/ee-first/-/ee-first-1.1.1.tgz. Extracting by manifest.
1152 silly tarball no local data for balanced-match@https://registry.npmjs.org/balanced-match/-/balanced-match-1.0.2.tgz. Extracting by manifest.
1153 silly tarball no local data for mime-db@https://registry.npmjs.org/mime-db/-/mime-db-1.54.0.tgz. Extracting by manifest.
1154 silly tarball no local data for brace-expansion@https://registry.npmjs.org/brace-expansion/-/brace-expansion-1.1.18.tgz. Extracting by manifest.
1155 silly tarball no local data for wrappy@https://registry.npmjs.org/wrappy/-/wrappy-1.0.2.tgz. Extracting by manifest.
1156 silly tarball no local data for concat-map@https://registry.npmjs.org/concat-map/-/concat-map-0.0.1.tgz. Extracting by manifest.
1157 silly tarball no local data for p-locate@https://registry.npmjs.org/p-locate/-/p-locate-5.0.0.tgz. Extracting by manifest.
1158 silly tarball no local data for type-check@https://registry.npmjs.org/type-check/-/type-check-0.4.0.tgz. Extracting by manifest.
1159 silly tarball no local data for argparse@https://registry.npmjs.org/argparse/-/argparse-2.0.1.tgz. Extracting by manifest.
1160 silly tarball no local data for is-extglob@https://registry.npmjs.org/is-extglob/-/is-extglob-2.1.1.tgz. Extracting by manifest.
1161 silly tarball no local data for resolve-from@https://registry.npmjs.org/resolve-from/-/resolve-from-4.0.0.tgz. Extracting by manifest.
1162 silly tarball no local data for prelude-ls@https://registry.npmjs.org/prelude-ls/-/prelude-ls-1.2.1.tgz. Extracting by manifest.
1163 silly tarball no local data for json-buffer@https://registry.npmjs.org/json-buffer/-/json-buffer-3.0.1.tgz. Extracting by manifest.
1164 silly tarball no local data for parent-module@https://registry.npmjs.org/parent-module/-/parent-module-1.0.1.tgz. Extracting by manifest.
1165 silly tarball no local data for safer-buffer@https://registry.npmjs.org/safer-buffer/-/safer-buffer-2.1.2.tgz. Extracting by manifest.
1166 silly tarball no local data for inherits@https://registry.npmjs.org/inherits/-/inherits-2.0.4.tgz. Extracting by manifest.
1167 silly tarball no local data for toidentifier@https://registry.npmjs.org/toidentifier/-/toidentifier-1.0.1.tgz. Extracting by manifest.
1168 silly tarball no local data for setprototypeof@https://registry.npmjs.org/setprototypeof/-/setprototypeof-1.2.0.tgz. Extracting by manifest.
1169 silly tarball no local data for path-exists@https://registry.npmjs.org/path-exists/-/path-exists-4.0.0.tgz. Extracting by manifest.
1170 silly tarball no local data for flatted@https://registry.npmjs.org/flatted/-/flatted-3.4.4.tgz. Extracting by manifest.
1171 silly tarball no local data for locate-path@https://registry.npmjs.org/locate-path/-/locate-path-6.0.0.tgz. Extracting by manifest.
1172 silly tarball no local data for flat-cache@https://registry.npmjs.org/flat-cache/-/flat-cache-4.0.1.tgz. Extracting by manifest.
1173 silly tarball no local data for raw-body@https://registry.npmjs.org/raw-body/-/raw-body-3.0.2.tgz. Extracting by manifest.
1174 silly tarball no local data for iconv-lite@https://registry.npmjs.org/iconv-lite/-/iconv-lite-0.7.3.tgz. Extracting by manifest.
1175 silly tarball no local data for bytes@https://registry.npmjs.org/bytes/-/bytes-3.1.2.tgz. Extracting by manifest.
1176 silly tarball no local data for type-is@https://registry.npmjs.org/type-is/-/type-is-2.1.0.tgz. Extracting by manifest.
1177 silly tarball no local data for negotiator@https://registry.npmjs.org/negotiator/-/negotiator-1.1.0.tgz. Extracting by manifest.
1178 silly tarball no local data for vary@https://registry.npmjs.org/vary/-/vary-1.1.2.tgz. Extracting by manifest.
1179 silly tarball no local data for keyv@https://registry.npmjs.org/keyv/-/keyv-4.5.4.tgz. Extracting by manifest.
1180 silly tarball no local data for statuses@https://registry.npmjs.org/statuses/-/statuses-2.0.2.tgz. Extracting by manifest.
1181 silly tarball no local data for range-parser@https://registry.npmjs.org/range-parser/-/range-parser-1.3.0.tgz. Extracting by manifest.
1182 silly tarball no local data for router@https://registry.npmjs.org/router/-/router-2.2.0.tgz. Extracting by manifest.
1183 silly tarball no local data for serve-static@https://registry.npmjs.org/serve-static/-/serve-static-2.2.1.tgz. Extracting by manifest.
1184 silly tarball no local data for send@https://registry.npmjs.org/send/-/send-1.2.1.tgz. Extracting by manifest.
1185 silly tarball no local data for qs@https://registry.npmjs.org/qs/-/qs-6.15.3.tgz. Extracting by manifest.
1186 silly tarball no local data for proxy-addr@https://registry.npmjs.org/proxy-addr/-/proxy-addr-2.0.7.tgz. Extracting by manifest.
1187 silly tarball no local data for on-finished@https://registry.npmjs.org/on-finished/-/on-finished-2.4.1.tgz. Extracting by manifest.
1188 silly tarball no local data for mime-types@https://registry.npmjs.org/mime-types/-/mime-types-3.0.2.tgz. Extracting by manifest.
1189 silly tarball no local data for parseurl@https://registry.npmjs.org/parseurl/-/parseurl-1.3.3.tgz. Extracting by manifest.
1190 silly tarball no local data for merge-descriptors@https://registry.npmjs.org/merge-descriptors/-/merge-descriptors-2.0.0.tgz. Extracting by manifest.
1191 silly tarball no local data for once@https://registry.npmjs.org/once/-/once-1.4.0.tgz. Extracting by manifest.
1192 silly tarball no local data for http-errors@https://registry.npmjs.org/http-errors/-/http-errors-2.0.1.tgz. Extracting by manifest.
1193 silly tarball no local data for escape-html@https://registry.npmjs.org/escape-html/-/escape-html-1.0.3.tgz. Extracting by manifest.
1194 silly tarball no local data for finalhandler@https://registry.npmjs.org/finalhandler/-/finalhandler-2.1.1.tgz. Extracting by manifest.
1195 silly tarball no local data for fresh@https://registry.npmjs.org/fresh/-/fresh-2.0.0.tgz. Extracting by manifest.
1196 silly tarball no local data for encodeurl@https://registry.npmjs.org/encodeurl/-/encodeurl-2.0.0.tgz. Extracting by manifest.
1197 silly tarball no local data for etag@https://registry.npmjs.org/etag/-/etag-1.8.1.tgz. Extracting by manifest.
1198 silly tarball no local data for depd@https://registry.npmjs.org/depd/-/depd-2.0.0.tgz. Extracting by manifest.
1199 silly tarball no local data for cookie@https://registry.npmjs.org/cookie/-/cookie-0.7.2.tgz. Extracting by manifest.
1200 silly tarball no local data for content-disposition@https://registry.npmjs.org/content-disposition/-/content-disposition-1.1.0.tgz. Extracting by manifest.
1201 silly tarball no local data for body-parser@https://registry.npmjs.org/body-parser/-/body-parser-2.3.0.tgz. Extracting by manifest.
1202 silly tarball no local data for cookie-signature@https://registry.npmjs.org/cookie-signature/-/cookie-signature-1.2.2.tgz. Extracting by manifest.
1203 silly tarball no local data for acorn-jsx@https://registry.npmjs.org/acorn-jsx/-/acorn-jsx-5.3.2.tgz. Extracting by manifest.
1204 silly tarball no local data for content-type@https://registry.npmjs.org/content-type/-/content-type-1.0.5.tgz. Extracting by manifest.
1205 silly tarball no local data for accepts@https://registry.npmjs.org/accepts/-/accepts-2.0.0.tgz. Extracting by manifest.
1206 silly tarball no local data for estraverse@https://registry.npmjs.org/estraverse/-/estraverse-5.3.0.tgz. Extracting by manifest.
1207 silly tarball no local data for esrecurse@https://registry.npmjs.org/esrecurse/-/esrecurse-4.3.0.tgz. Extracting by manifest.
1208 silly tarball no local data for which@https://registry.npmjs.org/which/-/which-2.0.2.tgz. Extracting by manifest.
1209 silly tarball no local data for shebang-command@https://registry.npmjs.org/shebang-command/-/shebang-command-2.0.0.tgz. Extracting by manifest.
1210 silly tarball no local data for acorn@https://registry.npmjs.org/acorn/-/acorn-8.18.0.tgz. Extracting by manifest.
1211 silly tarball no local data for path-key@https://registry.npmjs.org/path-key/-/path-key-3.1.1.tgz. Extracting by manifest.
1212 silly tarball no local data for ms@https://registry.npmjs.org/ms/-/ms-2.1.3.tgz. Extracting by manifest.
1213 silly tarball no local data for color-name@https://registry.npmjs.org/color-name/-/color-name-1.1.4.tgz. Extracting by manifest.
1214 silly tarball no local data for supports-color@https://registry.npmjs.org/supports-color/-/supports-color-7.2.0.tgz. Extracting by manifest.
1215 silly tarball no local data for uri-js@https://registry.npmjs.org/uri-js/-/uri-js-4.4.1.tgz. Extracting by manifest.
1216 silly tarball no local data for json-schema-traverse@https://registry.npmjs.org/json-schema-traverse/-/json-schema-traverse-0.4.1.tgz. Extracting by manifest.
1217 silly tarball no local data for color-convert@https://registry.npmjs.org/color-convert/-/color-convert-2.0.1.tgz. Extracting by manifest.
1218 silly tarball no local data for ansi-styles@https://registry.npmjs.org/ansi-styles/-/ansi-styles-4.3.0.tgz. Extracting by manifest.
1219 silly tarball no local data for fast-json-stable-stringify@https://registry.npmjs.org/fast-json-stable-stringify/-/fast-json-stable-stringify-2.1.0.tgz. Extracting by manifest.
1220 silly tarball no local data for @humanfs/types@https://registry.npmjs.org/@humanfs/types/-/types-0.15.0.tgz. Extracting by manifest.
1221 silly tarball no local data for js-yaml@https://registry.npmjs.org/js-yaml/-/js-yaml-4.3.2.tgz. Extracting by manifest.
1222 silly tarball no local data for strip-json-comments@https://registry.npmjs.org/strip-json-comments/-/strip-json-comments-3.1.1.tgz. Extracting by manifest.
1223 silly tarball no local data for import-fresh@https://registry.npmjs.org/import-fresh/-/import-fresh-3.3.1.tgz. Extracting by manifest.
1224 silly tarball no local data for @humanfs/core@https://registry.npmjs.org/@humanfs/core/-/core-0.19.2.tgz. Extracting by manifest.
1225 silly tarball no local data for globals@https://registry.npmjs.org/globals/-/globals-14.0.0.tgz. Extracting by manifest.
1226 silly tarball no local data for levn@https://registry.npmjs.org/levn/-/levn-0.4.1.tgz. Extracting by manifest.
1227 silly tarball no local data for @types/json-schema@https://registry.npmjs.org/@types/json-schema/-/json-schema-7.0.15.tgz. Extracting by manifest.
1228 silly tarball no local data for optionator@https://registry.npmjs.org/optionator/-/optionator-0.9.4.tgz. Extracting by manifest.
1229 silly tarball no local data for minimatch@https://registry.npmjs.org/minimatch/-/minimatch-3.1.5.tgz. Extracting by manifest.
1230 silly tarball no local data for lodash.merge@https://registry.npmjs.org/lodash.merge/-/lodash.merge-4.6.2.tgz. Extracting by manifest.
1231 silly tarball no local data for natural-compare@https://registry.npmjs.org/natural-compare/-/natural-compare-1.4.0.tgz. Extracting by manifest.
1232 silly tarball no local data for @eslint/object-schema@https://registry.npmjs.org/@eslint/object-schema/-/object-schema-2.1.7.tgz. Extracting by manifest.
1233 silly tarball no local data for json-stable-stringify-without-jsonify@https://registry.npmjs.org/json-stable-stringify-without-jsonify/-/json-stable-stringify-without-jsonify-1.0.1.tgz. Extracting by manifest.
1234 silly tarball no local data for is-glob@https://registry.npmjs.org/is-glob/-/is-glob-4.0.3.tgz. Extracting by manifest.
1235 silly tarball no local data for glob-parent@https://registry.npmjs.org/glob-parent/-/glob-parent-6.0.2.tgz. Extracting by manifest.
1236 silly tarball no local data for find-up@https://registry.npmjs.org/find-up/-/find-up-5.0.0.tgz. Extracting by manifest.
1237 silly tarball no local data for file-entry-cache@https://registry.npmjs.org/file-entry-cache/-/file-entry-cache-8.0.0.tgz. Extracting by manifest.
1238 silly tarball no local data for imurmurhash@https://registry.npmjs.org/imurmurhash/-/imurmurhash-0.1.4.tgz. Extracting by manifest.
1239 silly tarball no local data for ignore@https://registry.npmjs.org/ignore/-/ignore-5.3.2.tgz. Extracting by manifest.
1240 silly tarball no local data for esutils@https://registry.npmjs.org/esutils/-/esutils-2.0.3.tgz. Extracting by manifest.
1241 silly tarball no local data for fast-deep-equal@https://registry.npmjs.org/fast-deep-equal/-/fast-deep-equal-3.1.3.tgz. Extracting by manifest.
1242 silly tarball no local data for espree@https://registry.npmjs.org/espree/-/espree-10.4.0.tgz. Extracting by manifest.
1243 silly tarball no local data for eslint-visitor-keys@https://registry.npmjs.org/eslint-visitor-keys/-/eslint-visitor-keys-4.2.1.tgz. Extracting by manifest.
1244 silly tarball no local data for escape-string-regexp@https://registry.npmjs.org/escape-string-regexp/-/escape-string-regexp-4.0.0.tgz. Extracting by manifest.
1245 silly tarball no local data for esquery@https://registry.npmjs.org/esquery/-/esquery-1.7.0.tgz. Extracting by manifest.
1246 silly tarball no local data for debug@https://registry.npmjs.org/debug/-/debug-4.4.3.tgz. Extracting by manifest.
1247 silly tarball no local data for cross-spawn@https://registry.npmjs.org/cross-spawn/-/cross-spawn-7.0.6.tgz. Extracting by manifest.
1248 silly tarball no local data for eslint-scope@https://registry.npmjs.org/eslint-scope/-/eslint-scope-8.4.0.tgz. Extracting by manifest.
1249 silly tarball no local data for ajv@https://registry.npmjs.org/ajv/-/ajv-6.15.0.tgz. Extracting by manifest.
1250 silly tarball no local data for @types/estree@https://registry.npmjs.org/@types/estree/-/estree-1.0.9.tgz. Extracting by manifest.
1251 silly tarball no local data for @humanwhocodes/module-importer@https://registry.npmjs.org/@humanwhocodes/module-importer/-/module-importer-1.0.1.tgz. Extracting by manifest.
1252 silly tarball no local data for chalk@https://registry.npmjs.org/chalk/-/chalk-4.1.2.tgz. Extracting by manifest.
1253 silly tarball no local data for @humanfs/node@https://registry.npmjs.org/@humanfs/node/-/node-0.16.8.tgz. Extracting by manifest.
1254 silly tarball no local data for @eslint/plugin-kit@https://registry.npmjs.org/@eslint/plugin-kit/-/plugin-kit-0.4.1.tgz. Extracting by manifest.
1255 silly tarball no local data for @humanwhocodes/retry@https://registry.npmjs.org/@humanwhocodes/retry/-/retry-0.4.3.tgz. Extracting by manifest.
1256 silly tarball no local data for @eslint/eslintrc@https://registry.npmjs.org/@eslint/eslintrc/-/eslintrc-3.3.6.tgz. Extracting by manifest.
1257 silly tarball no local data for @eslint/config-helpers@https://registry.npmjs.org/@eslint/config-helpers/-/config-helpers-0.4.2.tgz. Extracting by manifest.
1258 silly tarball no local data for @eslint/config-array@https://registry.npmjs.org/@eslint/config-array/-/config-array-0.21.2.tgz. Extracting by manifest.
1259 silly tarball no local data for @eslint/js@https://registry.npmjs.org/@eslint/js/-/js-9.39.5.tgz. Extracting by manifest.
1260 silly tarball no local data for @eslint-community/eslint-utils@https://registry.npmjs.org/@eslint-community/eslint-utils/-/eslint-utils-4.10.1.tgz. Extracting by manifest.
1261 silly tarball no local data for @eslint-community/regexpp@https://registry.npmjs.org/@eslint-community/regexpp/-/regexpp-4.12.2.tgz. Extracting by manifest.
1262 silly tarball no local data for parse5@https://registry.npmjs.org/parse5/-/parse5-7.3.0.tgz. Extracting by manifest.
1263 silly tarball no local data for @eslint/core@https://registry.npmjs.org/@eslint/core/-/core-0.17.0.tgz. Extracting by manifest.
1264 silly tarball no local data for meriyah@https://registry.npmjs.org/meriyah/-/meriyah-6.1.4.tgz. Extracting by manifest.
1265 silly tarball no local data for idb@https://registry.npmjs.org/idb/-/idb-8.0.3.tgz. Extracting by manifest.
1266 silly tarball no local data for set-cookie-parser@https://registry.npmjs.org/set-cookie-parser/-/set-cookie-parser-2.7.2.tgz. Extracting by manifest.
1267 silly tarball no local data for astring@https://registry.npmjs.org/astring/-/astring-1.9.0.tgz. Extracting by manifest.
1268 silly tarball no local data for @mercuryworkshop/epoxy-tls@https://registry.npmjs.org/@mercuryworkshop/epoxy-tls/-/epoxy-tls-2.1.18-1.tgz. Extracting by manifest.
1269 silly tarball no local data for wisp-server-node@https://registry.npmjs.org/wisp-server-node/-/wisp-server-node-1.1.7.tgz. Extracting by manifest.
1270 silly tarball no local data for prettier@https://registry.npmjs.org/prettier/-/prettier-3.9.6.tgz. Extracting by manifest.
1271 silly tarball no local data for events@https://registry.npmjs.org/events/-/events-3.3.0.tgz. Extracting by manifest.
1272 silly tarball no local data for eslint@https://registry.npmjs.org/eslint/-/eslint-9.39.5.tgz. Extracting by manifest.
1273 silly tarball no local data for express@https://registry.npmjs.org/express/-/express-5.2.1.tgz. Extracting by manifest.
1274 silly tarball no local data for ws@https://registry.npmjs.org/ws/-/ws-8.21.3.tgz. Extracting by manifest.
1275 silly tarball no local data for @mercuryworkshop/bare-mux@https://registry.npmjs.org/@mercuryworkshop/bare-mux/-/bare-mux-2.1.9.tgz. Extracting by manifest.
1276 silly tarball no local data for @mercuryworkshop/epoxy-transport@https://registry.npmjs.org/@mercuryworkshop/epoxy-transport/-/epoxy-transport-2.1.28.tgz. Extracting by manifest.
1277 silly tarball no local data for content-type@https://registry.npmjs.org/content-type/-/content-type-2.1.0.tgz. Extracting by manifest.
1278 silly tarball no local data for @titaniumnetwork-dev/ultraviolet@https://registry.npmjs.org/@titaniumnetwork-dev/ultraviolet/-/ultraviolet-3.2.10.tgz. Extracting by manifest.
1279 silly tarball no local data for content-type@https://registry.npmjs.org/content-type/-/content-type-2.1.0.tgz. Extracting by manifest.
1280 silly tarball no local data for eslint-visitor-keys@https://registry.npmjs.org/eslint-visitor-keys/-/eslint-visitor-keys-3.4.3.tgz. Extracting by manifest.
1281 silly tarball no local data for content-type@https://registry.npmjs.org/content-type/-/content-type-2.1.0.tgz. Extracting by manifest.
1282 http fetch POST 200 https://registry.npmjs.org/-/npm/v1/security/advisories/bulk 615ms
1283 silly audit report {}
1284 http fetch GET 200 https://registry.npmjs.org/isexe/-/isexe-2.0.0.tgz 405ms (cache miss)
1285 http fetch GET 200 https://registry.npmjs.org/node-gyp-build/-/node-gyp-build-4.8.4.tgz 435ms (cache miss)
1286 http fetch GET 200 https://registry.npmjs.org/punycode/-/punycode-2.3.1.tgz 430ms (cache miss)
1287 http fetch GET 200 https://registry.npmjs.org/has-flag/-/has-flag-4.0.0.tgz 447ms (cache miss)
1288 http fetch GET 200 https://registry.npmjs.org/get-intrinsic/-/get-intrinsic-1.3.0.tgz 488ms (cache miss)
1289 http fetch GET 200 https://registry.npmjs.org/get-proto/-/get-proto-1.0.1.tgz 622ms (cache miss)
1290 http fetch GET 200 https://registry.npmjs.org/es-errors/-/es-errors-1.3.0.tgz 623ms (cache miss)
1291 http fetch GET 200 https://registry.npmjs.org/side-channel-weakmap/-/side-channel-weakmap-1.0.2.tgz 651ms (cache miss)
1292 http fetch GET 200 https://registry.npmjs.org/call-bind-apply-helpers/-/call-bind-apply-helpers-1.0.2.tgz 651ms (cache miss)
1293 http fetch GET 200 https://registry.npmjs.org/call-bound/-/call-bound-1.0.4.tgz 685ms (cache miss)
1294 http fetch GET 200 https://registry.npmjs.org/side-channel-list/-/side-channel-list-1.0.1.tgz 684ms (cache miss)
1295 http fetch GET 200 https://registry.npmjs.org/path-to-regexp/-/path-to-regexp-8.4.2.tgz 708ms (cache miss)
1296 http fetch GET 200 https://registry.npmjs.org/side-channel-map/-/side-channel-map-1.0.1.tgz 797ms (cache miss)
1297 http fetch GET 200 https://registry.npmjs.org/is-promise/-/is-promise-4.0.0.tgz 797ms (cache miss)
1298 http fetch GET 200 https://registry.npmjs.org/side-channel/-/side-channel-1.1.1.tgz 796ms (cache miss)
1299 http fetch GET 200 https://registry.npmjs.org/es-define-property/-/es-define-property-1.0.1.tgz 851ms (cache miss)
1300 http fetch GET 200 https://registry.npmjs.org/shebang-regex/-/shebang-regex-3.0.0.tgz 879ms (cache miss)
1301 http fetch GET 200 https://registry.npmjs.org/forwarded/-/forwarded-0.2.0.tgz 929ms (cache miss)
1302 http fetch GET 200 https://registry.npmjs.org/unpipe/-/unpipe-1.0.0.tgz 929ms (cache miss)
1303 http fetch GET 200 https://registry.npmjs.org/ipaddr.js/-/ipaddr.js-1.9.1.tgz 974ms (cache miss)
1304 http fetch GET 200 https://registry.npmjs.org/callsites/-/callsites-3.1.0.tgz 973ms (cache miss)
1305 http fetch GET 200 https://registry.npmjs.org/word-wrap/-/word-wrap-1.2.5.tgz 1037ms (cache miss)
1306 http fetch GET 200 https://registry.npmjs.org/yocto-queue/-/yocto-queue-0.1.0.tgz 1074ms (cache miss)
1307 http fetch GET 200 https://registry.npmjs.org/p-limit/-/p-limit-3.1.0.tgz 1101ms (cache miss)
1308 http fetch GET 200 https://registry.npmjs.org/fast-levenshtein/-/fast-levenshtein-2.0.6.tgz 1101ms (cache miss)
1309 http fetch GET 200 https://registry.npmjs.org/ee-first/-/ee-first-1.1.1.tgz 1101ms (cache miss)
1310 http fetch GET 200 https://registry.npmjs.org/balanced-match/-/balanced-match-1.0.2.tgz 1101ms (cache miss)
1311 http fetch GET 200 https://registry.npmjs.org/media-typer/-/media-typer-1.1.1.tgz 1154ms (cache miss)
1312 http fetch GET 200 https://registry.npmjs.org/hasown/-/hasown-2.0.4.tgz 1152ms (cache miss)
1313 http fetch GET 200 https://registry.npmjs.org/parent-module/-/parent-module-1.0.1.tgz 1122ms (cache miss)
1314 http fetch GET 200 https://registry.npmjs.org/resolve-from/-/resolve-from-4.0.0.tgz 1151ms (cache miss)
1315 http fetch GET 200 https://registry.npmjs.org/deep-is/-/deep-is-0.1.4.tgz 1191ms (cache miss)
1316 http fetch GET 200 https://registry.npmjs.org/inherits/-/inherits-2.0.4.tgz 1178ms (cache miss)
1317 http fetch GET 200 https://registry.npmjs.org/toidentifier/-/toidentifier-1.0.1.tgz 1179ms (cache miss)
1318 http fetch GET 200 https://registry.npmjs.org/wrappy/-/wrappy-1.0.2.tgz 1211ms (cache miss)
1319 http fetch GET 200 https://registry.npmjs.org/p-locate/-/p-locate-5.0.0.tgz 1210ms (cache miss)
1320 http fetch GET 200 https://registry.npmjs.org/is-extglob/-/is-extglob-2.1.1.tgz 1207ms (cache miss)
1321 http fetch GET 200 https://registry.npmjs.org/serve-static/-/serve-static-2.2.1.tgz 1188ms (cache miss)
1322 http fetch GET 200 https://registry.npmjs.org/keyv/-/keyv-4.5.4.tgz 1193ms (cache miss)
1323 http fetch GET 200 https://registry.npmjs.org/range-parser/-/range-parser-1.3.0.tgz 1192ms (cache miss)
1324 http fetch GET 200 https://registry.npmjs.org/gopd/-/gopd-1.2.0.tgz 1259ms (cache miss)
1325 http fetch GET 200 https://registry.npmjs.org/concat-map/-/concat-map-0.0.1.tgz 1233ms (cache miss)
1326 http fetch GET 200 https://registry.npmjs.org/setprototypeof/-/setprototypeof-1.2.0.tgz 1222ms (cache miss)
1327 http fetch GET 200 https://registry.npmjs.org/json-buffer/-/json-buffer-3.0.1.tgz 1228ms (cache miss)
1328 http fetch GET 200 https://registry.npmjs.org/brace-expansion/-/brace-expansion-1.1.18.tgz 1270ms (cache miss)
1329 http fetch GET 200 https://registry.npmjs.org/safer-buffer/-/safer-buffer-2.1.2.tgz 1265ms (cache miss)
1330 http fetch GET 200 https://registry.npmjs.org/path-exists/-/path-exists-4.0.0.tgz 1262ms (cache miss)
1331 http fetch GET 200 https://registry.npmjs.org/locate-path/-/locate-path-6.0.0.tgz 1261ms (cache miss)
1332 http fetch GET 200 https://registry.npmjs.org/negotiator/-/negotiator-1.1.0.tgz 1258ms (cache miss)
1333 http fetch GET 200 https://registry.npmjs.org/type-check/-/type-check-0.4.0.tgz 1295ms (cache miss)
1334 http fetch GET 200 https://registry.npmjs.org/statuses/-/statuses-2.0.2.tgz 1278ms (cache miss)
1335 http fetch GET 200 https://registry.npmjs.org/fresh/-/fresh-2.0.0.tgz 1268ms (cache miss)
1336 http fetch GET 200 https://registry.npmjs.org/argparse/-/argparse-2.0.1.tgz 1313ms (cache miss)
1337 http fetch GET 200 https://registry.npmjs.org/flat-cache/-/flat-cache-4.0.1.tgz 1303ms (cache miss)
1338 http fetch GET 200 https://registry.npmjs.org/bytes/-/bytes-3.1.2.tgz 1301ms (cache miss)
1339 http fetch GET 200 https://registry.npmjs.org/on-finished/-/on-finished-2.4.1.tgz 1293ms (cache miss)
1340 http fetch GET 200 https://registry.npmjs.org/encodeurl/-/encodeurl-2.0.0.tgz 1286ms (cache miss)
1341 http fetch GET 200 https://registry.npmjs.org/once/-/once-1.4.0.tgz 1290ms (cache miss)
1342 http fetch GET 200 https://registry.npmjs.org/dunder-proto/-/dunder-proto-1.0.1.tgz 1367ms (cache miss)
1343 http fetch GET 200 https://registry.npmjs.org/vary/-/vary-1.1.2.tgz 1320ms (cache miss)
1344 http fetch GET 200 https://registry.npmjs.org/merge-descriptors/-/merge-descriptors-2.0.0.tgz 1311ms (cache miss)
1345 http fetch GET 200 https://registry.npmjs.org/accepts/-/accepts-2.0.0.tgz 1299ms (cache miss)
1346 http fetch GET 200 https://registry.npmjs.org/parseurl/-/parseurl-1.3.3.tgz 1327ms (cache miss)
1347 http fetch GET 200 https://registry.npmjs.org/content-disposition/-/content-disposition-1.1.0.tgz 1320ms (cache miss)
1348 http fetch GET 200 https://registry.npmjs.org/ms/-/ms-2.1.3.tgz 1320ms (cache miss)
1349 http fetch GET 200 https://registry.npmjs.org/es-object-atoms/-/es-object-atoms-1.1.2.tgz 1399ms (cache miss)
1350 http fetch GET 200 https://registry.npmjs.org/type-is/-/type-is-2.1.0.tgz 1356ms (cache miss)
1351 http fetch GET 200 https://registry.npmjs.org/escape-html/-/escape-html-1.0.3.tgz 1342ms (cache miss)
1352 http fetch GET 200 https://registry.npmjs.org/depd/-/depd-2.0.0.tgz 1339ms (cache miss)
1353 http fetch GET 200 https://registry.npmjs.org/content-type/-/content-type-1.0.5.tgz 1335ms (cache miss)
1354 http fetch GET 200 https://registry.npmjs.org/cookie-signature/-/cookie-signature-1.2.2.tgz 1338ms (cache miss)
1355 http fetch GET 200 https://registry.npmjs.org/raw-body/-/raw-body-3.0.2.tgz 1376ms (cache miss)
1356 http fetch GET 200 https://registry.npmjs.org/etag/-/etag-1.8.1.tgz 1357ms (cache miss)
1357 http fetch GET 200 https://registry.npmjs.org/shebang-command/-/shebang-command-2.0.0.tgz 1348ms (cache miss)
1358 http fetch GET 200 https://registry.npmjs.org/path-key/-/path-key-3.1.1.tgz 1347ms (cache miss)
1359 http fetch GET 200 https://registry.npmjs.org/fast-json-stable-stringify/-/fast-json-stable-stringify-2.1.0.tgz 1341ms (cache miss)
1360 http fetch GET 200 https://registry.npmjs.org/proxy-addr/-/proxy-addr-2.0.7.tgz 1379ms (cache miss)
1361 http fetch GET 200 https://registry.npmjs.org/which/-/which-2.0.2.tgz 1364ms (cache miss)
1362 http fetch GET 200 https://registry.npmjs.org/supports-color/-/supports-color-7.2.0.tgz 1359ms (cache miss)
1363 http fetch GET 200 https://registry.npmjs.org/levn/-/levn-0.4.1.tgz 1353ms (cache miss)
1364 http fetch GET 200 https://registry.npmjs.org/http-errors/-/http-errors-2.0.1.tgz 1390ms (cache miss)
1365 http fetch GET 200 https://registry.npmjs.org/finalhandler/-/finalhandler-2.1.1.tgz 1389ms (cache miss)
1366 http fetch GET 200 https://registry.npmjs.org/cookie/-/cookie-0.7.2.tgz 1385ms (cache miss)
1367 http fetch GET 200 https://registry.npmjs.org/color-name/-/color-name-1.1.4.tgz 1374ms (cache miss)
1368 http fetch GET 200 https://registry.npmjs.org/lodash.merge/-/lodash.merge-4.6.2.tgz 1362ms (cache miss)
1369 http fetch GET 200 https://registry.npmjs.org/mime-types/-/mime-types-3.0.2.tgz 1408ms (cache miss)
1370 http fetch GET 200 https://registry.npmjs.org/send/-/send-1.2.1.tgz 1413ms (cache miss)
1371 http fetch GET 200 https://registry.npmjs.org/ansi-styles/-/ansi-styles-4.3.0.tgz 1386ms (cache miss)
1372 http fetch GET 200 https://registry.npmjs.org/estraverse/-/estraverse-5.3.0.tgz 1397ms (cache miss)
1373 http fetch GET 200 https://registry.npmjs.org/esrecurse/-/esrecurse-4.3.0.tgz 1397ms (cache miss)
1374 http fetch GET 200 https://registry.npmjs.org/import-fresh/-/import-fresh-3.3.1.tgz 1384ms (cache miss)
1375 http fetch GET 200 https://registry.npmjs.org/acorn-jsx/-/acorn-jsx-5.3.2.tgz 1405ms (cache miss)
1376 http fetch GET 200 https://registry.npmjs.org/is-glob/-/is-glob-4.0.3.tgz 1383ms (cache miss)
1377 http fetch GET 200 https://registry.npmjs.org/color-convert/-/color-convert-2.0.1.tgz 1399ms (cache miss)
1378 http fetch GET 200 https://registry.npmjs.org/globals/-/globals-14.0.0.tgz 1393ms (cache miss)
1379 http fetch GET 200 https://registry.npmjs.org/minimatch/-/minimatch-3.1.5.tgz 1392ms (cache miss)
1380 http fetch GET 200 https://registry.npmjs.org/file-entry-cache/-/file-entry-cache-8.0.0.tgz 1385ms (cache miss)
1381 http fetch GET 200 https://registry.npmjs.org/imurmurhash/-/imurmurhash-0.1.4.tgz 1385ms (cache miss)
1382 http fetch GET 200 https://registry.npmjs.org/strip-json-comments/-/strip-json-comments-3.1.1.tgz 1411ms (cache miss)
1383 http fetch GET 200 https://registry.npmjs.org/optionator/-/optionator-0.9.4.tgz 1405ms (cache miss)
1384 http fetch GET 200 https://registry.npmjs.org/@eslint/object-schema/-/object-schema-2.1.7.tgz 1403ms (cache miss)
1385 http fetch GET 200 https://registry.npmjs.org/find-up/-/find-up-5.0.0.tgz 1400ms (cache miss)
1386 http fetch GET 200 https://registry.npmjs.org/json-stable-stringify-without-jsonify/-/json-stable-stringify-without-jsonify-1.0.1.tgz 1403ms (cache miss)
1387 http fetch GET 200 https://registry.npmjs.org/fast-deep-equal/-/fast-deep-equal-3.1.3.tgz 1397ms (cache miss)
1388 http fetch GET 200 https://registry.npmjs.org/json-schema-traverse/-/json-schema-traverse-0.4.1.tgz 1427ms (cache miss)
1389 http fetch GET 200 https://registry.npmjs.org/ignore/-/ignore-5.3.2.tgz 1409ms (cache miss)
1390 http fetch GET 200 https://registry.npmjs.org/debug/-/debug-4.4.3.tgz 1406ms (cache miss)
1391 http fetch GET 200 https://registry.npmjs.org/glob-parent/-/glob-parent-6.0.2.tgz 1425ms (cache miss)
1392 http fetch GET 200 https://registry.npmjs.org/has-symbols/-/has-symbols-1.1.0.tgz 1526ms (cache miss)
1393 http fetch GET 200 https://registry.npmjs.org/bufferutil/-/bufferutil-4.1.0.tgz 1536ms (cache miss)
1394 http fetch GET 200 https://registry.npmjs.org/function-bind/-/function-bind-1.1.2.tgz 1530ms (cache miss)
1395 http fetch GET 200 https://registry.npmjs.org/natural-compare/-/natural-compare-1.4.0.tgz 1442ms (cache miss)
1396 http fetch GET 200 https://registry.npmjs.org/esutils/-/esutils-2.0.3.tgz 1456ms (cache miss)
1397 http fetch GET 200 https://registry.npmjs.org/mime-db/-/mime-db-1.54.0.tgz 1541ms (cache miss)
1398 http fetch GET 200 https://registry.npmjs.org/escape-string-regexp/-/escape-string-regexp-4.0.0.tgz 1466ms (cache miss)
1399 http fetch GET 200 https://registry.npmjs.org/@eslint/config-helpers/-/config-helpers-0.4.2.tgz 1456ms (cache miss)
1400 http fetch GET 200 https://registry.npmjs.org/chalk/-/chalk-4.1.2.tgz 1469ms (cache miss)
1401 http fetch GET 200 https://registry.npmjs.org/prelude-ls/-/prelude-ls-1.2.1.tgz 1553ms (cache miss)
1402 http fetch GET 200 https://registry.npmjs.org/router/-/router-2.2.0.tgz 1543ms (cache miss)
1403 http fetch GET 200 https://registry.npmjs.org/eslint-visitor-keys/-/eslint-visitor-keys-4.2.1.tgz 1509ms (cache miss)
1404 http fetch GET 200 https://registry.npmjs.org/@humanwhocodes/module-importer/-/module-importer-1.0.1.tgz 1504ms (cache miss)
1405 http fetch GET 200 https://registry.npmjs.org/@eslint/core/-/core-0.17.0.tgz 1500ms (cache miss)
1406 http fetch GET 200 https://registry.npmjs.org/cross-spawn/-/cross-spawn-7.0.6.tgz 1513ms (cache miss)
1407 http fetch GET 200 https://registry.npmjs.org/set-cookie-parser/-/set-cookie-parser-2.7.2.tgz 1508ms (cache miss)
1408 http fetch GET 200 https://registry.npmjs.org/espree/-/espree-10.4.0.tgz 1530ms (cache miss)
1409 http fetch GET 200 https://registry.npmjs.org/@types/json-schema/-/json-schema-7.0.15.tgz 1552ms (cache miss)
1410 http fetch GET 200 https://registry.npmjs.org/flatted/-/flatted-3.4.4.tgz 1609ms (cache miss)
1411 http fetch GET 200 https://registry.npmjs.org/@humanfs/types/-/types-0.15.0.tgz 1577ms (cache miss)
1412 http fetch GET 200 https://registry.npmjs.org/math-intrinsics/-/math-intrinsics-1.1.0.tgz 1669ms (cache miss)
1413 http fetch GET 200 https://registry.npmjs.org/@types/estree/-/estree-1.0.9.tgz 1560ms (cache miss)
1414 http fetch GET 200 https://registry.npmjs.org/@eslint/js/-/js-9.39.5.tgz 1586ms (cache miss)
1415 http fetch GET 200 https://registry.npmjs.org/body-parser/-/body-parser-2.3.0.tgz 1702ms (cache miss)
1416 http fetch GET 200 https://registry.npmjs.org/idb/-/idb-8.0.3.tgz 1649ms (cache miss)
1417 http fetch GET 200 https://registry.npmjs.org/@eslint/plugin-kit/-/plugin-kit-0.4.1.tgz 1665ms (cache miss)
1418 http fetch GET 200 https://registry.npmjs.org/content-type/-/content-type-2.1.0.tgz 1647ms (cache miss)
1419 http fetch GET 200 https://registry.npmjs.org/content-type/-/content-type-2.1.0.tgz 1661ms (cache miss)
1420 http fetch GET 200 https://registry.npmjs.org/eslint-visitor-keys/-/eslint-visitor-keys-3.4.3.tgz 1682ms (cache miss)
1421 http fetch GET 200 https://registry.npmjs.org/eslint-scope/-/eslint-scope-8.4.0.tgz 1720ms (cache miss)
1422 http fetch GET 200 https://registry.npmjs.org/@humanfs/node/-/node-0.16.8.tgz 1724ms (cache miss)
1423 http fetch GET 200 https://registry.npmjs.org/acorn/-/acorn-8.18.0.tgz 1765ms (cache miss)
1424 http fetch GET 200 https://registry.npmjs.org/content-type/-/content-type-2.1.0.tgz 1706ms (cache miss)
1425 http fetch GET 200 https://registry.npmjs.org/@humanwhocodes/retry/-/retry-0.4.3.tgz 1735ms (cache miss)
1426 http fetch GET 200 https://registry.npmjs.org/express/-/express-5.2.1.tgz 1724ms (cache miss)
1427 http fetch GET 200 https://registry.npmjs.org/@humanfs/core/-/core-0.19.2.tgz 1777ms (cache miss)
1428 http fetch GET 200 https://registry.npmjs.org/object-inspect/-/object-inspect-1.13.4.tgz 1854ms (cache miss)
1429 http fetch GET 200 https://registry.npmjs.org/astring/-/astring-1.9.0.tgz 1747ms (cache miss)
1430 http fetch GET 200 https://registry.npmjs.org/utf-8-validate/-/utf-8-validate-6.0.6.tgz 1882ms (cache miss)
1431 http fetch GET 200 https://registry.npmjs.org/qs/-/qs-6.15.3.tgz 1834ms (cache miss)
1432 http fetch GET 200 https://registry.npmjs.org/ws/-/ws-8.21.3.tgz 1802ms (cache miss)
1433 http fetch GET 200 https://registry.npmjs.org/@eslint-community/regexpp/-/regexpp-4.12.2.tgz 1851ms (cache miss)
1434 http fetch GET 200 https://registry.npmjs.org/events/-/events-3.3.0.tgz 1848ms (cache miss)
1435 http fetch GET 200 https://registry.npmjs.org/@eslint-community/eslint-utils/-/eslint-utils-4.10.1.tgz 1865ms (cache miss)
1436 http fetch GET 200 https://registry.npmjs.org/esquery/-/esquery-1.7.0.tgz 1896ms (cache miss)
1437 http fetch GET 200 https://registry.npmjs.org/wisp-server-node/-/wisp-server-node-1.1.7.tgz 1922ms (cache miss)
1438 http fetch GET 200 https://registry.npmjs.org/@eslint/config-array/-/config-array-0.21.2.tgz 1936ms (cache miss)
1439 warn deprecated wisp-server-node@1.1.7: wisp-server-node is deprecated due to security and stability issues, please use @mercuryworkshop/wisp-js instead.
1440 http fetch GET 200 https://registry.npmjs.org/iconv-lite/-/iconv-lite-0.7.3.tgz 2051ms (cache miss)
1441 http fetch GET 200 https://registry.npmjs.org/@eslint/eslintrc/-/eslintrc-3.3.6.tgz 2056ms (cache miss)
1442 http fetch GET 200 https://registry.npmjs.org/js-yaml/-/js-yaml-4.3.2.tgz 2089ms (cache miss)
1443 http fetch GET 200 https://registry.npmjs.org/meriyah/-/meriyah-6.1.4.tgz 2179ms (cache miss)
1444 http fetch GET 200 https://registry.npmjs.org/uri-js/-/uri-js-4.4.1.tgz 2230ms (cache miss)
1445 http fetch GET 200 https://registry.npmjs.org/@mercuryworkshop/bare-mux/-/bare-mux-2.1.9.tgz 2182ms (cache miss)
1446 http fetch GET 200 https://registry.npmjs.org/parse5/-/parse5-7.3.0.tgz 2326ms (cache miss)
1447 http fetch GET 200 https://registry.npmjs.org/entities/-/entities-6.0.1.tgz 2457ms (cache miss)
1448 http fetch GET 200 https://registry.npmjs.org/ajv/-/ajv-6.15.0.tgz 2410ms (cache miss)
1449 http fetch GET 200 https://registry.npmjs.org/@mercuryworkshop/epoxy-tls/-/epoxy-tls-2.1.18-1.tgz 2395ms (cache miss)
1450 http fetch GET 200 https://registry.npmjs.org/@titaniumnetwork-dev/ultraviolet/-/ultraviolet-3.2.10.tgz 2399ms (cache miss)
1451 http fetch GET 200 https://registry.npmjs.org/prettier/-/prettier-3.9.6.tgz 2564ms (cache miss)
1452 http fetch GET 200 https://registry.npmjs.org/@mercuryworkshop/epoxy-transport/-/epoxy-transport-2.1.28.tgz 2677ms (cache miss)
1453 http fetch GET 200 https://registry.npmjs.org/eslint/-/eslint-9.39.5.tgz 2967ms (cache miss)
1454 warn deprecated eslint@9.39.5: This version is no longer supported. Please see https://eslint.org/version-support for other options.
1455 info run bufferutil@4.1.0 install node_modules/bufferutil node-gyp-build
1456 info run utf-8-validate@6.0.6 install node_modules/utf-8-validate node-gyp-build
1457 info run bufferutil@4.1.0 install { code: 0, signal: null }
1458 info run utf-8-validate@6.0.6 install { code: 0, signal: null }
1459 silly ADD node_modules/node-gyp-build
1460 silly ADD node_modules/utf-8-validate
1461 silly ADD node_modules/bufferutil
1462 silly ADD node_modules/isexe
1463 silly ADD node_modules/punycode
1464 silly ADD node_modules/media-typer
1465 silly ADD node_modules/has-flag
1466 silly ADD node_modules/dunder-proto
1467 silly ADD node_modules/math-intrinsics
1468 silly ADD node_modules/hasown
1469 silly ADD node_modules/has-symbols
1470 silly ADD node_modules/gopd
1471 silly ADD node_modules/get-proto
1472 silly ADD node_modules/es-object-atoms
1473 silly ADD node_modules/function-bind
1474 silly ADD node_modules/call-bind-apply-helpers
1475 silly ADD node_modules/get-intrinsic
1476 silly ADD node_modules/call-bound
1477 silly ADD node_modules/side-channel-weakmap
1478 silly ADD node_modules/side-channel-map
1479 silly ADD node_modules/side-channel-list
1480 silly ADD node_modules/object-inspect
1481 silly ADD node_modules/es-errors
1482 silly ADD node_modules/shebang-regex
1483 silly ADD node_modules/path-to-regexp
1484 silly ADD node_modules/is-promise
1485 silly ADD node_modules/unpipe
1486 silly ADD node_modules/side-channel
1487 silly ADD node_modules/es-define-property
1488 silly ADD node_modules/ipaddr.js
1489 silly ADD node_modules/forwarded
1490 silly ADD node_modules/entities
1491 silly ADD node_modules/callsites
1492 silly ADD node_modules/yocto-queue
1493 silly ADD node_modules/p-limit
1494 silly ADD node_modules/word-wrap
1495 silly ADD node_modules/fast-levenshtein
1496 silly ADD node_modules/deep-is
1497 silly ADD node_modules/wrappy
1498 silly ADD node_modules/ee-first
1499 silly ADD node_modules/concat-map
1500 silly ADD node_modules/balanced-match
1501 silly ADD node_modules/brace-expansion
1502 silly ADD node_modules/mime-db
1503 silly ADD node_modules/p-locate
1504 silly ADD node_modules/type-check
1505 silly ADD node_modules/prelude-ls
1506 silly ADD node_modules/json-buffer
1507 silly ADD node_modules/argparse
1508 silly ADD node_modules/is-extglob
1509 silly ADD node_modules/resolve-from
1510 silly ADD node_modules/parent-module
1511 silly ADD node_modules/safer-buffer
1512 silly ADD node_modules/toidentifier
1513 silly ADD node_modules/setprototypeof
1514 silly ADD node_modules/inherits
1515 silly ADD node_modules/keyv
1516 silly ADD node_modules/flatted
1517 silly ADD node_modules/path-exists
1518 silly ADD node_modules/locate-path
1519 silly ADD node_modules/flat-cache
1520 silly ADD node_modules/raw-body
1521 silly ADD node_modules/iconv-lite
1522 silly ADD node_modules/bytes
1523 silly ADD node_modules/negotiator
1524 silly ADD node_modules/negotiator/node_modules/content-type
1525 silly ADD node_modules/vary
1526 silly ADD node_modules/type-is
1527 silly ADD node_modules/type-is/node_modules/content-type
1528 silly ADD node_modules/statuses
1529 silly ADD node_modules/serve-static
1530 silly ADD node_modules/send
1531 silly ADD node_modules/router
1532 silly ADD node_modules/range-parser
1533 silly ADD node_modules/qs
1534 silly ADD node_modules/proxy-addr
1535 silly ADD node_modules/parseurl
1536 silly ADD node_modules/once
1537 silly ADD node_modules/on-finished
1538 silly ADD node_modules/mime-types
1539 silly ADD node_modules/merge-descriptors
1540 silly ADD node_modules/http-errors
1541 silly ADD node_modules/fresh
1542 silly ADD node_modules/finalhandler
1543 silly ADD node_modules/etag
1544 silly ADD node_modules/escape-html
1545 silly ADD node_modules/encodeurl
1546 silly ADD node_modules/depd
1547 silly ADD node_modules/cookie-signature
1548 silly ADD node_modules/cookie
1549 silly ADD node_modules/content-type
1550 silly ADD node_modules/content-disposition
1551 silly ADD node_modules/body-parser
1552 silly ADD node_modules/body-parser/node_modules/content-type
1553 silly ADD node_modules/accepts
1554 silly ADD node_modules/acorn-jsx
1555 silly ADD node_modules/acorn
1556 silly ADD node_modules/estraverse
1557 silly ADD node_modules/esrecurse
1558 silly ADD node_modules/ms
1559 silly ADD node_modules/which
1560 silly ADD node_modules/shebang-command
1561 silly ADD node_modules/path-key
1562 silly ADD node_modules/color-name
1563 silly ADD node_modules/color-convert
1564 silly ADD node_modules/supports-color
1565 silly ADD node_modules/ansi-styles
1566 silly ADD node_modules/uri-js
1567 silly ADD node_modules/json-schema-traverse
1568 silly ADD node_modules/fast-json-stable-stringify
1569 silly ADD node_modules/@humanfs/types
1570 silly ADD node_modules/@humanfs/core
1571 silly ADD node_modules/levn
1572 silly ADD node_modules/strip-json-comments
1573 silly ADD node_modules/js-yaml
1574 silly ADD node_modules/import-fresh
1575 silly ADD node_modules/globals
1576 silly ADD node_modules/@types/json-schema
1577 silly ADD node_modules/@eslint/object-schema
1578 silly ADD node_modules/optionator
1579 silly ADD node_modules/natural-compare
1580 silly ADD node_modules/minimatch
1581 silly ADD node_modules/lodash.merge
1582 silly ADD node_modules/json-stable-stringify-without-jsonify
1583 silly ADD node_modules/is-glob
1584 silly ADD node_modules/imurmurhash
1585 silly ADD node_modules/ignore
1586 silly ADD node_modules/glob-parent
1587 silly ADD node_modules/find-up
1588 silly ADD node_modules/file-entry-cache
1589 silly ADD node_modules/fast-deep-equal
1590 silly ADD node_modules/esutils
1591 silly ADD node_modules/esquery
1592 silly ADD node_modules/espree
1593 silly ADD node_modules/eslint-visitor-keys
1594 silly ADD node_modules/eslint-scope
1595 silly ADD node_modules/escape-string-regexp
1596 silly ADD node_modules/debug
1597 silly ADD node_modules/cross-spawn
1598 silly ADD node_modules/chalk
1599 silly ADD node_modules/ajv
1600 silly ADD node_modules/@types/estree
1601 silly ADD node_modules/@humanwhocodes/retry
1602 silly ADD node_modules/@humanwhocodes/module-importer
1603 silly ADD node_modules/@humanfs/node
1604 silly ADD node_modules/@eslint/plugin-kit
1605 silly ADD node_modules/@eslint/js
1606 silly ADD node_modules/@eslint/eslintrc
1607 silly ADD node_modules/@eslint/core
1608 silly ADD node_modules/@eslint/config-helpers
1609 silly ADD node_modules/@eslint/config-array
1610 silly ADD node_modules/@eslint-community/regexpp
1611 silly ADD node_modules/@eslint-community/eslint-utils
1612 silly ADD node_modules/@eslint-community/eslint-utils/node_modules/eslint-visitor-keys
1613 silly ADD node_modules/set-cookie-parser
1614 silly ADD node_modules/parse5
1615 silly ADD node_modules/meriyah
1616 silly ADD node_modules/idb
1617 silly ADD node_modules/events
1618 silly ADD node_modules/astring
1619 silly ADD node_modules/@mercuryworkshop/epoxy-tls
1620 silly ADD node_modules/ws
1621 silly ADD node_modules/wisp-server-node
1622 silly ADD node_modules/prettier
1623 silly ADD node_modules/express
1624 silly ADD node_modules/eslint
1625 silly ADD node_modules/@titaniumnetwork-dev/ultraviolet
1626 silly ADD node_modules/@mercuryworkshop/epoxy-transport
1627 silly ADD node_modules/@mercuryworkshop/bare-mux
1628 warn install-scripts 2 packages have install scripts not yet covered by allowScripts:
1628 warn install-scripts   bufferutil@4.1.0 (install: node-gyp-build)
1628 warn install-scripts   utf-8-validate@6.0.6 (install: node-gyp-build)
1628 warn install-scripts
1628 warn install-scripts Run `npm install-scripts ls` to review, or `npm install-scripts approve <pkg>` to allow.
1629 verbose cwd /data/data/com.termux/files/home/my-school-project
1630 verbose os Linux 5.15.180-android13-8-o-01298-gfad4540da6dc
1631 verbose node v24.18.0
1632 verbose npm  v11.19.0
1633 notice
1633 notice New [31mmajor[39m version of npm available! [31m11.19.0[39m -> [34m12.0.2[39m
1633 notice Changelog: [34mhttps://github.com/npm/cli/releases/tag/v12.0.2[39m
1633 notice To update run: [4mnpm install -g npm@12.0.2[24m
1633 notice  { force: true, Symbol(proc-log.meta): true }
1634 verbose exit 0
1635 info ok
